-- Supabase to Replit Data Migration SQL Script
-- Generated: 2025-10-18T23:57:42.005711
-- WARNING: This will import production data from Supabase

BEGIN;

-- 1. Import 4 Offices

-- Import Offices
INSERT INTO offices (id, name, created_at, updated_at, settings, enabled) VALUES ('9e4b058d-cb2f-4f0f-950d-a08404396819', 'NA Office', '2025-09-09 21:35:49.470691+00', '2025-09-09 21:35:49.470691+00', '{}'::jsonb, true);
INSERT INTO offices (id, name, address, phone, created_at, updated_at, settings, enabled) VALUES ('a20d81c8-bde9-4ff0-bbfb-86171cd2f382', 'Hello Optometry', '141 N Glassell St
Orange, CA 92866', '6576502020', '2025-09-03 23:31:24.088557+00', '2025-10-16 00:55:36.350759+00', '{"customColumns": [{"id": "custom_1759001875664", "name": "Removed from Shopify", "order": 1}], "customJobTypes": [{"id": "rx", "color": "25 85% 55%", "label": "Rx", "order": 1}, {"id": "sun", "color": "45 90% 50%", "label": "Sun", "order": 2}, {"id": "type_1758834407790", "color": "310 70% 55%", "label": "Special Order Frame", "order": 3}, {"id": "contacts", "color": "190 85% 45%", "label": "Contacts", "order": 4}], "customStatuses": [{"id": "job_created", "color": "39 100% 50%", "label": "Job Created", "order": 1}, {"id": "ordered", "color": "220 100% 50%", "label": "Ordered", "order": 2}, {"id": "status_1758832364028", "color": "190 85% 45%", "label": "Lenses Ready to Cut", "order": 3}, {"id": "ready_for_pickup", "color": "310 70% 55%", "label": "Ready for Pickup", "order": 4}, {"id": "completed", "color": "142 86% 28%", "label": "Completed", "order": 5}], "customOrderDestinations": [{"id": "zeiss", "color": "210 100% 60%", "label": "Zeiss Surfacing", "order": 1}, {"id": "destination_1758834102413", "color": "142 76% 36%", "label": "Zeiss Stock", "order": 2}, {"id": "destination_1758832455986", "color": "310 70% 55%", "label": "Plexus", "order": 3}, {"id": "destination_1758832440647", "color": "25 85% 55%", "label": "OOGP", "order": 4}, {"id": "destination_1758832445299", "color": "0 84.2% 60.2%", "label": "Coopervision", "order": 5}, {"id": "destination_1758832450218", "color": "160 100% 50%", "label": "B+L", "order": 6}, {"id": "destination_1760576082799", "color": "120 100% 50%", "label": "Opal B+L", "order": 7}, {"id": "essilor", "color": "190 85% 45%", "label": "Bartley Lab", "order": 8}, {"id": "destination_1758832483079", "color": "45 90% 50%", "label": "Eclips", "order": 9}, {"id": "destination_1760576110306", "color": "240 100% 50%", "label": "Nassau", "order": 10}]}'::jsonb, true);
INSERT INTO offices (id, name, address, created_at, updated_at, settings, enabled) VALUES ('d10015ce-316c-41f0-9661-42b5b65911ba', 'Smith Optometry Practice', '123 main', '2025-08-28 04:16:31.642248+00', '2025-10-09 03:42:01.977751+00', '{"customColumns": [{"id": "custom_1758944835126", "name": "Shopify", "order": 1}], "customJobTypes": [{"id": "contacts", "color": "190 85% 45%", "label": "Contacts", "order": 1}, {"id": "rx", "color": "25 85% 55%", "label": "Rx", "order": 2}, {"id": "sun", "color": "45 90% 50%", "label": "Sun", "order": 3}, {"id": "sunrx", "color": "310 70% 55%", "label": "SunRx", "order": 4}], "customStatuses": [{"id": "job_created", "color": "39 100% 50%", "label": "Job Created", "order": 1}, {"id": "ordered", "color": "220 100% 50%", "label": "Lens Ordered", "order": 2}, {"id": "quality_check", "color": "280 100% 65%", "label": "Needs Cutting", "order": 3}, {"id": "status_1758929953866", "color": "120 100% 50%", "label": "Test", "order": 7}, {"id": "status_1759026641002", "color": "15 100% 50%", "label": "Testest", "order": 8}, {"id": "completed", "color": "142 86% 28%", "label": "Completed", "order": 9}], "customOrderDestinations": [{"id": "vsp_zeiss", "color": "220 100% 50%", "label": "VSP Zeiss", "order": 1}, {"id": "zeiss", "color": "210 100% 60%", "label": "Zeiss", "order": 2}, {"id": "essilor", "color": "190 85% 45%", "label": "Essilor", "order": 3}, {"id": "hoya", "color": "25 85% 55%", "label": "Hoya", "order": 4}, {"id": "destination_1759981315234", "color": "120 100% 50%", "label": "Test", "order": 5}]}'::jsonb, true);
INSERT INTO offices (id, name, created_at, updated_at, settings, enabled) VALUES ('ef1469c9-1c70-464e-bb55-1bb950e27fd8', 'Test Office', '2025-09-11 03:51:36.237131+00', '2025-09-11 03:53:08.428869+00', '{"customJobTypes": [{"id": "contacts", "color": "190 85% 45%", "label": "Contacts", "order": 1}, {"id": "rx", "color": "25 85% 55%", "label": "Rx", "order": 2}, {"id": "sun", "color": "45 90% 50%", "label": "Sun", "order": 3}, {"id": "sunrx", "color": "310 70% 55%", "label": "SunRx", "order": 4}], "customStatuses": [{"id": "job_created", "color": "39 100% 50%", "label": "Job Created", "order": 1}, {"id": "ordered", "color": "220 100% 50%", "label": "Ordered", "order": 2}, {"id": "in_progress", "color": "210 100% 60%", "label": "In Progress", "order": 3}, {"id": "ready_for_pickup", "color": "142 76% 36%", "label": "Ready for Pickup", "order": 4}, {"id": "quality_check", "color": "280 100% 65%", "label": "Quality Check", "order": 5}, {"id": "cancelled", "color": "0 84.2% 60.2%", "label": "Cancelled", "order": 6}, {"id": "completed", "color": "142 86% 28%", "label": "Completed", "order": 7}]}'::jsonb, true);

-- 2. Import 5 Users

-- Import Users (from profiles)
-- NOTE: All users have temporary password 'TempPass123!' and must reset on first login
INSERT INTO users (id, email, password, role, first_name, last_name, office_id, created_at, updated_at) VALUES ('0a30693a-baed-4c99-bb81-4d11d2c43dd9', 'dr.michelle@hello-optometry.com', '$scrypt$N=32768,r=8,p=1,maxmem=67108864$mF7jFV+Qrm0A6p0uWMqKVcWNjfHfXdpfOdEvd7+3KS8=$hv9UjBPHBX5pAb6hJmGQm8nTsz6D7kJe8WhF+OVBu1MwEYa0E3cQmGvUqJzP3m3vf8kPpK2cRvLu6G3hWqN8eg==', 'owner', 'michelle', 'cho', 'a20d81c8-bde9-4ff0-bbfb-86171cd2f382', '2025-09-03 23:30:18.705321+00', '2025-09-03 23:31:24.088557+00');
INSERT INTO users (id, email, password, role, first_name, last_name, office_id, created_at, updated_at) VALUES ('1bd2e7fc-cd53-412d-aa16-9f79d17dc0a8', 'chopeter67@gmail.com', '$scrypt$N=32768,r=8,p=1,maxmem=67108864$mF7jFV+Qrm0A6p0uWMqKVcWNjfHfXdpfOdEvd7+3KS8=$hv9UjBPHBX5pAb6hJmGQm8nTsz6D7kJe8WhF+OVBu1MwEYa0E3cQmGvUqJzP3m3vf8kPpK2cRvLu6G3hWqN8eg==', 'owner', 'peter', 'cho', 'd10015ce-316c-41f0-9661-42b5b65911ba', '2025-08-28 04:02:13.165712+00', '2025-08-28 04:16:31.642248+00');
INSERT INTO users (id, email, password, role, first_name, last_name, created_at, updated_at) VALUES ('3814ff83-2db2-48f7-aa60-5f7e606756ae', 'peter@ottojobtracker.com', '$scrypt$N=32768,r=8,p=1,maxmem=67108864$mF7jFV+Qrm0A6p0uWMqKVcWNjfHfXdpfOdEvd7+3KS8=$hv9UjBPHBX5pAb6hJmGQm8nTsz6D7kJe8WhF+OVBu1MwEYa0E3cQmGvUqJzP3m3vf8kPpK2cRvLu6G3hWqN8eg==', 'super_admin', 'Unknown', 'User', '2025-09-09 21:35:32.022382+00', '2025-09-09 21:37:52.0834+00');
INSERT INTO users (id, email, password, role, first_name, last_name, office_id, created_at, updated_at) VALUES ('a1446249-284a-49cc-b254-9dc5bbe75a1a', 'contact@hello-optometry.com', '$scrypt$N=32768,r=8,p=1,maxmem=67108864$mF7jFV+Qrm0A6p0uWMqKVcWNjfHfXdpfOdEvd7+3KS8=$hv9UjBPHBX5pAb6hJmGQm8nTsz6D7kJe8WhF+OVBu1MwEYa0E3cQmGvUqJzP3m3vf8kPpK2cRvLu6G3hWqN8eg==', 'staff', 'Staff', 'HelloOptometry', 'a20d81c8-bde9-4ff0-bbfb-86171cd2f382', '2025-09-03 23:32:26.208843+00', '2025-09-03 23:33:02.961355+00');
INSERT INTO users (id, email, password, role, first_name, last_name, office_id, created_at, updated_at) VALUES ('ac62d335-d85c-4892-a159-7e3b445ee38d', 'peter.hyung.cho@gmail.com', '$scrypt$N=32768,r=8,p=1,maxmem=67108864$mF7jFV+Qrm0A6p0uWMqKVcWNjfHfXdpfOdEvd7+3KS8=$hv9UjBPHBX5pAb6hJmGQm8nTsz6D7kJe8WhF+OVBu1MwEYa0E3cQmGvUqJzP3m3vf8kPpK2cRvLu6G3hWqN8eg==', 'owner', 'peter', 'cho', 'ef1469c9-1c70-464e-bb55-1bb950e27fd8', '2025-09-11 03:50:26.992217+00', '2025-09-11 03:51:36.237131+00');

-- 3. Import 57 Jobs

-- Import Jobs (sorted: originals first, then redos)
INSERT INTO jobs (id, patient_first_initial, patient_last_name, job_type, status, order_destination, office_id, order_id, created_by, created_at, updated_at, status_changed_at, is_redo_job, custom_column_values) VALUES ('0ba265e2-6162-4bb3-b6eb-e2dffc795565', 'A', 'O''Donnell', 'sun', 'ready_for_pickup', 'zeiss', 'a20d81c8-bde9-4ff0-bbfb-86171cd2f382', 'ORD-20251013-0002', 'a1446249-284a-49cc-b254-9dc5bbe75a1a', '2025-10-13 21:43:31.131+00', '2025-10-18 18:23:43.379083+00', '2025-10-18 18:23:43.379083+00', false, '{}'::jsonb);
INSERT INTO jobs (id, patient_first_initial, patient_last_name, job_type, status, order_destination, office_id, order_id, created_by, created_at, updated_at, status_changed_at, is_redo_job, custom_column_values) VALUES ('0dae6150-9bcc-442a-826f-6a4d67960030', 'A', 'Chen', 'rx', 'ordered', 'destination_1758834102413', 'a20d81c8-bde9-4ff0-bbfb-86171cd2f382', 'ORD-20251001-0003', '0a30693a-baed-4c99-bb81-4d11d2c43dd9', '2025-10-01 01:16:10.487+00', '2025-10-02 18:53:20.152995+00', '2025-10-02 18:53:20.152995+00', true, '{"custom_1759001875664": false}'::jsonb);
INSERT INTO jobs (id, patient_first_initial, patient_last_name, job_type, status, order_destination, office_id, order_id, notes, created_at, updated_at, status_changed_at, is_redo_job, custom_column_values) VALUES ('0ee6888c-137f-40c8-abee-f43275390d7d', 'G', 'Velasquez #2', 'rx', 'ready_for_pickup', 'zeiss', 'a20d81c8-bde9-4ff0-bbfb-86171cd2f382', 'MIGRATED-0001', 'VSP #2', '2025-09-26 21:23:01.592+00', '2025-10-07 21:33:24.79074+00', '2025-10-07 21:33:24.79074+00', false, '{}'::jsonb);
INSERT INTO jobs (id, patient_first_initial, patient_last_name, job_type, status, order_destination, office_id, order_id, notes, created_at, updated_at, status_changed_at, is_redo_job, custom_column_values) VALUES ('13030995-e7eb-4a34-b8b1-d977cfaf79ca', 'S', 'Ruiz', 'contacts', 'ready_for_pickup', 'destination_1758832440647', 'a20d81c8-bde9-4ff0-bbfb-86171cd2f382', 'MIGRATED-0002', 'OOGP', '2025-09-04 07:00:00+00', '2025-09-25 21:05:22.178535+00', '2025-09-25 17:44:59.432943+00', false, '{}'::jsonb);
INSERT INTO jobs (id, patient_first_initial, patient_last_name, job_type, status, order_destination, office_id, order_id, notes, created_at, updated_at, status_changed_at, is_redo_job, custom_column_values) VALUES ('1756db4a-98de-4f4a-b597-2a44192a9546', 'S', 'Jones', 'rx', 'ready_for_pickup', 'zeiss', 'a20d81c8-bde9-4ff0-bbfb-86171cd2f382', 'MIGRATED-0003', 'Pt informed order ready for PU, broken ankle and in rehab, hopes to come in roughly by 10/15', '2025-09-04 07:00:00+00', '2025-09-25 21:12:12.032306+00', '2025-09-25 17:53:56.619522+00', false, '{}'::jsonb);
INSERT INTO jobs (id, patient_first_initial, patient_last_name, job_type, status, order_destination, office_id, order_id, created_by, created_at, updated_at, status_changed_at, is_redo_job, custom_column_values) VALUES ('1efc2b4c-f910-4a82-97f5-f3a25d2b0877', 'C', 'Arana', 'rx', 'ordered', 'essilor', 'a20d81c8-bde9-4ff0-bbfb-86171cd2f382', 'ORD-20250929-0001', 'a1446249-284a-49cc-b254-9dc5bbe75a1a', '2025-09-29 21:49:36.284+00', '2025-09-29 22:07:23.797513+00', '2025-09-29 22:07:23.797513+00', false, '{}'::jsonb);
INSERT INTO jobs (id, patient_first_initial, patient_last_name, job_type, status, order_destination, office_id, order_id, phone, notes, created_at, updated_at, status_changed_at, is_redo_job, custom_column_values) VALUES ('1f4a6321-58cb-43e7-9953-dc3e854fbf48', 'E', 'Rodriguez', 'rx', 'ready_for_pickup', 'zeiss', 'a20d81c8-bde9-4ff0-bbfb-86171cd2f382', 'MIGRATED-0004', '6573195668', 'Frame Warranty and Lens Warranty, Pt to return broken frame to us', '2025-09-22 07:00:00+00', '2025-09-30 01:27:58.68806+00', '2025-09-30 01:27:58.68806+00', false, '{}'::jsonb);
INSERT INTO jobs (id, patient_first_initial, patient_last_name, job_type, status, order_destination, office_id, order_id, created_by, created_at, updated_at, status_changed_at, is_redo_job, custom_column_values) VALUES ('211450fe-8cdd-4ffb-a732-629b431eec56', 'P', 'Ann ', 'contacts', 'job_created', 'essilor', 'd10015ce-316c-41f0-9661-42b5b65911ba', 'ORD-20250930-0002', '1bd2e7fc-cd53-412d-aa16-9f79d17dc0a8', '2025-09-30 03:47:49.272+00', '2025-09-30 03:47:58.469891+00', '2025-09-30 03:47:58.469891+00', false, '{}'::jsonb);
INSERT INTO jobs (id, patient_first_initial, patient_last_name, job_type, status, order_destination, office_id, order_id, created_by, created_at, updated_at, status_changed_at, is_redo_job, custom_column_values) VALUES ('279a528b-addd-46a8-96cf-8178f7fc448d', 'S', 'Barnhart', 'rx', 'ready_for_pickup', 'zeiss', 'a20d81c8-bde9-4ff0-bbfb-86171cd2f382', 'ORD-20250929-0002', 'a1446249-284a-49cc-b254-9dc5bbe75a1a', '2025-09-29 23:19:08.422+00', '2025-10-07 21:30:42.633587+00', '2025-10-07 21:30:42.633587+00', false, '{}'::jsonb);
INSERT INTO jobs (id, patient_first_initial, patient_last_name, job_type, status, order_destination, office_id, order_id, created_by, created_at, updated_at, status_changed_at, is_redo_job, custom_column_values) VALUES ('2c1fc50d-c221-49ae-833d-7fd6a415ff99', 'M', 'Dioquino', 'rx', 'job_created', 'zeiss', 'a20d81c8-bde9-4ff0-bbfb-86171cd2f382', 'ORD-20251013-0003', 'a1446249-284a-49cc-b254-9dc5bbe75a1a', '2025-10-13 22:28:54.11+00', '2025-10-13 22:29:26.057409+00', '2025-10-13 22:29:26.057409+00', false, '{}'::jsonb);
INSERT INTO jobs (id, patient_first_initial, patient_last_name, job_type, status, order_destination, office_id, order_id, notes, created_at, updated_at, status_changed_at, is_redo_job, custom_column_values) VALUES ('3d48e282-b66e-46e2-a988-7479025465b1', 'G', 'Velasquez', 'rx', 'ready_for_pickup', 'zeiss', 'a20d81c8-bde9-4ff0-bbfb-86171cd2f382', 'MIGRATED-0005', 'VSP', '2025-09-26 21:22:16.366+00', '2025-10-07 21:33:27.490424+00', '2025-10-07 21:33:27.490424+00', false, '{}'::jsonb);
INSERT INTO jobs (id, patient_first_initial, patient_last_name, job_type, status, order_destination, office_id, order_id, created_by, created_at, updated_at, status_changed_at, is_redo_job, custom_column_values) VALUES ('3f0c8794-04d5-4420-8762-cbf6321ab309', 'A', 'Hromadka #2', 'sun', 'ordered', 'zeiss', 'a20d81c8-bde9-4ff0-bbfb-86171cd2f382', 'ORD-20251009-0002', 'a1446249-284a-49cc-b254-9dc5bbe75a1a', '2025-10-09 21:59:51.495+00', '2025-10-09 22:00:04.008075+00', '2025-10-09 22:00:04.008075+00', false, '{}'::jsonb);
INSERT INTO jobs (id, patient_first_initial, patient_last_name, job_type, status, order_destination, office_id, order_id, phone, created_by, created_at, updated_at, status_changed_at, is_redo_job, custom_column_values) VALUES ('425aa7b4-6495-4745-9192-e6ba0cf7f71d', 'K', 'Smith', 'sunrx', 'status_1759026641002', 'zeiss', 'd10015ce-316c-41f0-9661-42b5b65911ba', 'MIGRATED-0006', '5551029293', '1bd2e7fc-cd53-412d-aa16-9f79d17dc0a8', '2025-09-27 05:38:06.696+00', '2025-09-29 01:07:37.039031+00', '2025-09-28 02:31:15.017529+00', true, '{"custom_1758944835126": false}'::jsonb);
INSERT INTO jobs (id, patient_first_initial, patient_last_name, job_type, status, order_destination, office_id, order_id, created_by, created_at, updated_at, status_changed_at, is_redo_job, custom_column_values) VALUES ('4c43520b-f839-4fb6-8ff5-17e59fa29197', 'N', 'FONG', 'rx', 'ordered', 'destination_1758834102413', 'a20d81c8-bde9-4ff0-bbfb-86171cd2f382', 'ORD-20251016-0004', 'a1446249-284a-49cc-b254-9dc5bbe75a1a', '2025-10-16 23:14:05.214+00', '2025-10-16 23:14:17.127755+00', '2025-10-16 23:14:17.127755+00', false, '{}'::jsonb);
INSERT INTO jobs (id, patient_first_initial, patient_last_name, job_type, status, order_destination, office_id, order_id, notes, created_at, updated_at, status_changed_at, is_redo_job, custom_column_values) VALUES ('4ee9d75b-28a3-4ee3-b97a-2bf70102ce0f', 'C', 'Tena', 'contacts', 'ready_for_pickup', 'destination_1758832445299', 'a20d81c8-bde9-4ff0-bbfb-86171cd2f382', 'MIGRATED-0007', 'make follow-up appt', '2025-09-20 07:00:00+00', '2025-10-01 21:18:07.709753+00', '2025-10-01 21:18:07.709753+00', false, '{}'::jsonb);
INSERT INTO jobs (id, patient_first_initial, patient_last_name, job_type, status, order_destination, office_id, order_id, created_by, created_at, updated_at, status_changed_at, is_redo_job, custom_column_values) VALUES ('551f9fce-620b-4f05-9221-2607aba3ceea', 'M', 'LOUTHAN (CTL)', 'contacts', 'ordered', 'destination_1758832440647', 'a20d81c8-bde9-4ff0-bbfb-86171cd2f382', 'ORD-20251007-0006', 'a1446249-284a-49cc-b254-9dc5bbe75a1a', '2025-10-07 23:19:35.557+00', '2025-10-09 23:21:04.099594+00', '2025-10-09 23:21:04.099594+00', false, '{}'::jsonb);
INSERT INTO jobs (id, patient_first_initial, patient_last_name, job_type, status, order_destination, office_id, order_id, created_by, created_at, updated_at, status_changed_at, is_redo_job, custom_column_values) VALUES ('5af1b324-4035-4b68-8e3a-225069aef3ba', 'P', 'Razavi', 'contacts', 'ready_for_pickup', 'destination_1758832445299', 'a20d81c8-bde9-4ff0-bbfb-86171cd2f382', 'ORD-20250930-0004', 'a1446249-284a-49cc-b254-9dc5bbe75a1a', '2025-09-27 07:00:00+00', '2025-10-02 17:05:52.626081+00', '2025-10-02 17:05:52.626081+00', false, '{}'::jsonb);
INSERT INTO jobs (id, patient_first_initial, patient_last_name, job_type, status, order_destination, office_id, order_id, created_by, created_at, updated_at, status_changed_at, is_redo_job, custom_column_values) VALUES ('5d15249f-40fd-4230-babc-afca7480f376', 'M', 'MAGPILI #1', 'rx', 'ordered', 'zeiss', 'a20d81c8-bde9-4ff0-bbfb-86171cd2f382', 'ORD-20251007-0001', 'a1446249-284a-49cc-b254-9dc5bbe75a1a', '2025-10-03 07:00:00+00', '2025-10-07 18:40:09.198815+00', '2025-10-07 18:40:09.198815+00', false, '{}'::jsonb);
INSERT INTO jobs (id, patient_first_initial, patient_last_name, job_type, status, order_destination, office_id, order_id, phone, created_by, created_at, updated_at, status_changed_at, is_redo_job, custom_column_values) VALUES ('5e4b0e1f-04e4-4c3b-beaa-f416d076ffae', 'P', 'Doe', 'sun', 'status_1759026641002', 'essilor', 'd10015ce-316c-41f0-9661-42b5b65911ba', 'MIGRATED-0008', '5558291026', '1bd2e7fc-cd53-412d-aa16-9f79d17dc0a8', '2025-09-26 23:04:20.775+00', '2025-09-29 01:07:40.745131+00', '2025-09-29 00:51:52.841474+00', true, '{"custom_1758944835126": true}'::jsonb);
INSERT INTO jobs (id, patient_first_initial, patient_last_name, job_type, status, order_destination, office_id, order_id, notes, created_at, updated_at, status_changed_at, is_redo_job, custom_column_values) VALUES ('639619ea-ff15-4e03-a904-7e35a5bdf266', 'B', 'Bhogal', 'rx', 'ready_for_pickup', 'zeiss', 'a20d81c8-bde9-4ff0-bbfb-86171cd2f382', 'MIGRATED-0009', 'She will be out of town until mid/end of October. Explained better for her to pick up in person because it is her first progressive. ', '2025-09-26 21:20:40.808+00', '2025-10-07 21:31:32.633963+00', '2025-10-07 21:31:32.633963+00', false, '{}'::jsonb);
INSERT INTO jobs (id, patient_first_initial, patient_last_name, job_type, status, order_destination, office_id, order_id, created_by, created_at, updated_at, status_changed_at, is_redo_job, custom_column_values) VALUES ('6737325c-f1e6-4aef-a24e-da0627cdbe3a', 'Q', 'Young', 'rx', 'ordered', 'zeiss', 'a20d81c8-bde9-4ff0-bbfb-86171cd2f382', 'ORD-20251016-0002', '0a30693a-baed-4c99-bb81-4d11d2c43dd9', '2025-10-16 22:51:17.363+00', '2025-10-16 22:51:37.742895+00', '2025-10-16 22:51:37.742895+00', false, '{}'::jsonb);
INSERT INTO jobs (id, patient_first_initial, patient_last_name, job_type, status, order_destination, office_id, order_id, created_by, created_at, updated_at, status_changed_at, is_redo_job, custom_column_values) VALUES ('700a1c32-aaaf-49fc-b6b3-a8a21623a38c', 'M', 'Flores', 'rx', 'status_1758832364028', 'zeiss', 'a20d81c8-bde9-4ff0-bbfb-86171cd2f382', 'ORD-20251008-0001', 'a1446249-284a-49cc-b254-9dc5bbe75a1a', '2025-10-06 07:00:00+00', '2025-10-08 21:34:11.323031+00', '2025-10-08 21:34:11.323031+00', false, '{}'::jsonb);
INSERT INTO jobs (id, patient_first_initial, patient_last_name, job_type, status, order_destination, office_id, order_id, phone, created_at, updated_at, status_changed_at, is_redo_job, custom_column_values) VALUES ('7574d486-c22c-4a97-a27e-7fc4c9857ca4', 'S', 'Pie', 'rx', 'status_1758929953866', 'hoya', 'd10015ce-316c-41f0-9661-42b5b65911ba', 'MIGRATED-0010', '5551038493', '2025-09-04 07:00:00+00', '2025-09-29 01:07:58.819866+00', '2025-09-27 00:26:51.848734+00', false, '{}'::jsonb);
INSERT INTO jobs (id, patient_first_initial, patient_last_name, job_type, status, order_destination, office_id, order_id, created_by, created_at, updated_at, status_changed_at, is_redo_job, custom_column_values) VALUES ('75a57090-8176-498c-93b7-7dd25e4aae96', 'J', 'Cortez', 'contacts', 'ready_for_pickup', 'destination_1758832440647', 'a20d81c8-bde9-4ff0-bbfb-86171cd2f382', 'ORD-20251008-0002', 'a1446249-284a-49cc-b254-9dc5bbe75a1a', '2025-10-06 07:00:00+00', '2025-10-08 21:44:42.26134+00', '2025-10-08 21:44:42.26134+00', false, '{}'::jsonb);
INSERT INTO jobs (id, patient_first_initial, patient_last_name, job_type, status, order_destination, office_id, order_id, created_by, created_at, updated_at, status_changed_at, is_redo_job, custom_column_values) VALUES ('84dc63b0-8e5d-49c2-8c9c-b51a63bfe8e0', 'D', 'SEXTON', 'rx', 'ordered', 'destination_1758834102413', 'a20d81c8-bde9-4ff0-bbfb-86171cd2f382', 'ORD-20251016-0003', 'a1446249-284a-49cc-b254-9dc5bbe75a1a', '2025-10-16 23:13:49.152+00', '2025-10-16 23:14:02.347242+00', '2025-10-16 23:14:02.347242+00', false, '{}'::jsonb);
INSERT INTO jobs (id, patient_first_initial, patient_last_name, job_type, status, order_destination, office_id, order_id, created_by, created_at, updated_at, status_changed_at, is_redo_job, custom_column_values) VALUES ('88970ce2-9745-4db5-8963-0c2e68865428', 'V', 'PRUM', 'rx', 'ordered', 'zeiss', 'a20d81c8-bde9-4ff0-bbfb-86171cd2f382', 'ORD-20251016-0006', 'a1446249-284a-49cc-b254-9dc5bbe75a1a', '2025-10-16 23:15:32.946+00', '2025-10-16 23:15:48.910242+00', '2025-10-16 23:15:48.910242+00', false, '{}'::jsonb);
INSERT INTO jobs (id, patient_first_initial, patient_last_name, job_type, status, order_destination, office_id, order_id, created_by, created_at, updated_at, status_changed_at, is_redo_job, custom_column_values) VALUES ('8a198b79-c3a7-47f4-b5fc-d220abbef4fa', 'S', 'POLUJANCEWICZ', 'rx', 'ordered', 'zeiss', 'a20d81c8-bde9-4ff0-bbfb-86171cd2f382', 'ORD-20251014-0001', 'a1446249-284a-49cc-b254-9dc5bbe75a1a', '2025-10-14 19:32:47.002+00', '2025-10-14 19:33:14.696532+00', '2025-10-14 19:33:14.696532+00', false, '{}'::jsonb);
INSERT INTO jobs (id, patient_first_initial, patient_last_name, job_type, status, order_destination, office_id, order_id, notes, created_at, updated_at, status_changed_at, is_redo_job, custom_column_values) VALUES ('8a6536db-9a36-4120-9231-f6a4c019f793', 'C', 'Zuniga', 'contacts', 'ready_for_pickup', 'destination_1758832440647', 'a20d81c8-bde9-4ff0-bbfb-86171cd2f382', 'MIGRATED-0011', 'CL trials NEED TO SCHEDULE APPT (pt is busy with football season right now)', '2025-08-16 07:00:00+00', '2025-09-25 21:04:42.382322+00', '2025-09-25 17:47:55.445838+00', false, '{}'::jsonb);
INSERT INTO jobs (id, patient_first_initial, patient_last_name, job_type, status, order_destination, office_id, order_id, created_by, created_at, updated_at, status_changed_at, is_redo_job, custom_column_values) VALUES ('909acc1f-f781-408f-b93d-7d47f24970c6', 'E', 'Berdugo', 'rx', 'job_created', 'destination_1758834102413', 'a20d81c8-bde9-4ff0-bbfb-86171cd2f382', 'ORD-20251018-0001', 'a1446249-284a-49cc-b254-9dc5bbe75a1a', '2025-10-18 18:07:29.359+00', '2025-10-18 18:07:55.735882+00', '2025-10-18 18:07:55.735882+00', false, '{}'::jsonb);
INSERT INTO jobs (id, patient_first_initial, patient_last_name, job_type, status, order_destination, office_id, order_id, created_by, created_at, updated_at, status_changed_at, is_redo_job, custom_column_values) VALUES ('91d2658b-5a4e-47c8-8f0a-182bf640cfd2', 'L', 'Phan', 'rx', 'ordered', 'zeiss', 'a20d81c8-bde9-4ff0-bbfb-86171cd2f382', 'ORD-20251014-0004', 'a1446249-284a-49cc-b254-9dc5bbe75a1a', '2025-10-14 21:34:10.276+00', '2025-10-14 21:34:23.944333+00', '2025-10-14 21:34:23.944333+00', false, '{}'::jsonb);
INSERT INTO jobs (id, patient_first_initial, patient_last_name, job_type, status, order_destination, office_id, order_id, notes, created_at, updated_at, status_changed_at, is_redo_job, custom_column_values) VALUES ('92d1eff1-d7ad-487e-8858-81efd92ea853', 'R', 'Palmer', 'rx', 'ready_for_pickup', 'zeiss', 'a20d81c8-bde9-4ff0-bbfb-86171cd2f382', 'MIGRATED-0012', 'Pt informed order ready for PU, she''s currently injured, will come when able to', '2025-07-29 07:00:00+00', '2025-09-25 17:52:11.943128+00', '2025-09-25 17:52:11.943128+00', false, '{}'::jsonb);
INSERT INTO jobs (id, patient_first_initial, patient_last_name, job_type, status, order_destination, office_id, order_id, created_at, updated_at, status_changed_at, is_redo_job, custom_column_values) VALUES ('93f0cf4e-3acd-4991-b4eb-470adcc875d3', 'T', 'Tran', 'rx', 'ready_for_pickup', 'zeiss', 'a20d81c8-bde9-4ff0-bbfb-86171cd2f382', 'MIGRATED-0013', '2025-08-26 07:00:00+00', '2025-09-25 21:03:56.653922+00', '2025-09-25 18:03:33.739531+00', false, '{}'::jsonb);
INSERT INTO jobs (id, patient_first_initial, patient_last_name, job_type, status, order_destination, office_id, order_id, created_by, created_at, updated_at, status_changed_at, is_redo_job, custom_column_values) VALUES ('97052081-df0e-43b0-94dd-8d3479ebad12', 'J', 'CLAVERO RX1', 'rx', 'ordered', 'zeiss', 'a20d81c8-bde9-4ff0-bbfb-86171cd2f382', 'ORD-20251014-0003', 'a1446249-284a-49cc-b254-9dc5bbe75a1a', '2025-10-14 21:01:09.179+00', '2025-10-15 00:40:41.431529+00', '2025-10-15 00:40:41.431529+00', false, '{}'::jsonb);
INSERT INTO jobs (id, patient_first_initial, patient_last_name, job_type, status, order_destination, office_id, order_id, created_at, updated_at, status_changed_at, is_redo_job, custom_column_values) VALUES ('a426c75c-0a32-4180-be29-debcbbbe3300', 'J', 'Rosales', 'rx', 'ready_for_pickup', 'zeiss', 'a20d81c8-bde9-4ff0-bbfb-86171cd2f382', 'MIGRATED-0014', '2025-08-11 07:00:00+00', '2025-09-25 21:05:08.27347+00', '2025-09-25 17:57:43.588433+00', false, '{}'::jsonb);
INSERT INTO jobs (id, patient_first_initial, patient_last_name, job_type, status, order_destination, office_id, order_id, created_by, created_at, updated_at, status_changed_at, is_redo_job, custom_column_values) VALUES ('a68ced64-b9cd-464b-87f2-2f0bb604adba', 'C', 'CAMPOS', 'rx', 'ready_for_pickup', 'zeiss', 'a20d81c8-bde9-4ff0-bbfb-86171cd2f382', 'ORD-20251017-0003', 'a1446249-284a-49cc-b254-9dc5bbe75a1a', '2025-10-09 07:00:00+00', '2025-10-18 20:12:30.115823+00', '2025-10-18 20:12:30.115823+00', false, '{}'::jsonb);
INSERT INTO jobs (id, patient_first_initial, patient_last_name, job_type, status, order_destination, office_id, order_id, created_by, created_at, updated_at, status_changed_at, is_redo_job, custom_column_values) VALUES ('a70e63cb-f2e5-40d3-97f6-3ed16b3545b3', 'A', 'Sieber', 'rx', 'ready_for_pickup', 'destination_1758834102413', 'a20d81c8-bde9-4ff0-bbfb-86171cd2f382', 'MIGRATED-0015', 'a1446249-284a-49cc-b254-9dc5bbe75a1a', '2025-10-02 07:00:00+00', '2025-10-16 22:53:34.777627+00', '2025-10-16 22:53:34.777627+00', false, '{}'::jsonb);
INSERT INTO jobs (id, patient_first_initial, patient_last_name, job_type, status, order_destination, office_id, order_id, notes, created_at, updated_at, status_changed_at, is_redo_job, custom_column_values) VALUES ('afdecab6-8977-4bc9-96ac-4d434bb405a1', 'A', 'Ku', 'contacts', 'ready_for_pickup', 'destination_1758832440647', 'a20d81c8-bde9-4ff0-bbfb-86171cd2f382', 'MIGRATED-0016', 'OOGP', '2025-09-08 07:00:00+00', '2025-09-25 21:09:33.767291+00', '2025-09-25 17:43:07.283484+00', false, '{}'::jsonb);
INSERT INTO jobs (id, patient_first_initial, patient_last_name, job_type, status, order_destination, office_id, order_id, created_by, created_at, updated_at, status_changed_at, is_redo_job, custom_column_values) VALUES ('b4baca15-555a-4015-aaa9-9a67505835a6', 'A', 'SALAZAR', 'rx', 'status_1758832364028', 'zeiss', 'a20d81c8-bde9-4ff0-bbfb-86171cd2f382', 'ORD-20251010-0002', 'a1446249-284a-49cc-b254-9dc5bbe75a1a', '2025-10-06 07:00:00+00', '2025-10-10 21:40:16.461998+00', '2025-10-10 21:40:16.461998+00', false, '{}'::jsonb);
INSERT INTO jobs (id, patient_first_initial, patient_last_name, job_type, status, order_destination, office_id, order_id, notes, created_at, updated_at, status_changed_at, is_redo_job, custom_column_values) VALUES ('b86e722c-1594-4ed9-972e-ff16ba8e950c', 'S', 'Gonzales', 'contacts', 'ready_for_pickup', 'zeiss', 'a20d81c8-bde9-4ff0-bbfb-86171cd2f382', 'MIGRATED-0017', 'CL Trials only, he already received shipment of revenue boxes', '2025-09-25 17:46:16.509+00', '2025-09-25 21:02:38.042069+00', '2025-09-25 17:46:40.687534+00', false, '{}'::jsonb);
INSERT INTO jobs (id, patient_first_initial, patient_last_name, job_type, status, order_destination, office_id, order_id, created_by, created_at, updated_at, status_changed_at, is_redo_job, custom_column_values) VALUES ('c5ec76eb-2d9d-4110-9cd4-18d85fee2c4c', 'C', 'Tena', 'contacts', 'ready_for_pickup', 'destination_1758832445299', 'a20d81c8-bde9-4ff0-bbfb-86171cd2f382', 'ORD-20250930-0005', 'a1446249-284a-49cc-b254-9dc5bbe75a1a', '2025-09-27 07:00:00+00', '2025-10-02 21:15:08.44084+00', '2025-10-02 21:15:08.44084+00', false, '{}'::jsonb);
INSERT INTO jobs (id, patient_first_initial, patient_last_name, job_type, status, order_destination, office_id, order_id, created_by, created_at, updated_at, status_changed_at, is_redo_job, custom_column_values) VALUES ('d2ec213a-d039-48a3-8c2f-3ef726a0687f', 'J', 'CLAVERO #2', 'rx', 'ordered', 'zeiss', 'a20d81c8-bde9-4ff0-bbfb-86171cd2f382', 'ORD-20251015-0001', 'a1446249-284a-49cc-b254-9dc5bbe75a1a', '2025-10-15 00:40:17.733+00', '2025-10-15 00:40:36.492786+00', '2025-10-15 00:40:36.492786+00', false, '{}'::jsonb);
INSERT INTO jobs (id, patient_first_initial, patient_last_name, job_type, status, order_destination, office_id, order_id, created_by, created_at, updated_at, status_changed_at, is_redo_job, custom_column_values) VALUES ('d36ea168-5982-45cf-b3ae-72aad2120756', 'R', 'Choiniere', 'contacts', 'ready_for_pickup', 'destination_1758832445299', 'a20d81c8-bde9-4ff0-bbfb-86171cd2f382', 'ORD-20250930-0003', 'a1446249-284a-49cc-b254-9dc5bbe75a1a', '2025-09-27 07:00:00+00', '2025-10-09 19:24:11.099039+00', '2025-10-09 19:24:11.099039+00', false, '{}'::jsonb);
INSERT INTO jobs (id, patient_first_initial, patient_last_name, job_type, status, order_destination, office_id, order_id, created_by, created_at, updated_at, status_changed_at, is_redo_job, custom_column_values) VALUES ('d8cf317c-900b-4e4b-9c9a-945acc002474', 'M', 'MAGPILI #2', 'rx', 'ordered', 'destination_1758834102413', 'a20d81c8-bde9-4ff0-bbfb-86171cd2f382', 'ORD-20251007-0002', 'a1446249-284a-49cc-b254-9dc5bbe75a1a', '2025-10-07 18:40:13.365+00', '2025-10-07 18:40:31.482191+00', '2025-10-07 18:40:31.482191+00', false, '{}'::jsonb);
INSERT INTO jobs (id, patient_first_initial, patient_last_name, job_type, status, order_destination, office_id, order_id, created_by, created_at, updated_at, status_changed_at, is_redo_job, custom_column_values) VALUES ('d967dec9-c288-4d4d-a642-093ad91b9da3', 'M', 'GARCIA', 'rx', 'ordered', 'zeiss', 'a20d81c8-bde9-4ff0-bbfb-86171cd2f382', 'ORD-20251004-0001', 'a1446249-284a-49cc-b254-9dc5bbe75a1a', '2025-10-04 00:22:26.095+00', '2025-10-04 00:22:53.108997+00', '2025-10-04 00:22:53.108997+00', false, '{}'::jsonb);
INSERT INTO jobs (id, patient_first_initial, patient_last_name, job_type, status, order_destination, office_id, order_id, created_at, updated_at, status_changed_at, is_redo_job, custom_column_values) VALUES ('ded8884f-6891-40a3-8956-3580dbff337d', 'B', 'Dicus', 'rx', 'ready_for_pickup', 'destination_1758832455986', 'a20d81c8-bde9-4ff0-bbfb-86171cd2f382', 'MIGRATED-0018', '2025-09-02 07:00:00+00', '2025-09-25 21:00:11.424343+00', '2025-09-25 17:57:02.057286+00', false, '{}'::jsonb);
INSERT INTO jobs (id, patient_first_initial, patient_last_name, job_type, status, order_destination, office_id, order_id, created_by, created_at, updated_at, status_changed_at, is_redo_job, custom_column_values) VALUES ('e0463789-0003-4f05-a8c1-6dfc79b4c945', 'R', 'HARWOOD', 'rx', 'ready_for_pickup', 'zeiss', 'a20d81c8-bde9-4ff0-bbfb-86171cd2f382', 'ORD-20251002-0004', 'a1446249-284a-49cc-b254-9dc5bbe75a1a', '2025-10-02 19:32:50.241+00', '2025-10-02 19:33:14.583673+00', '2025-10-02 19:33:14.583673+00', false, '{}'::jsonb);
INSERT INTO jobs (id, patient_first_initial, patient_last_name, job_type, status, order_destination, office_id, order_id, created_by, created_at, updated_at, status_changed_at, is_redo_job, custom_column_values) VALUES ('e158d4d3-f976-4b3a-b1bd-c5231f555fea', 'P', 'Taylor', 'rx', 'ready_for_pickup', 'zeiss', 'a20d81c8-bde9-4ff0-bbfb-86171cd2f382', 'ORD-20250930-0006', 'a1446249-284a-49cc-b254-9dc5bbe75a1a', '2025-09-30 20:27:48.715+00', '2025-10-16 22:53:44.442253+00', '2025-10-16 22:53:44.442253+00', false, '{}'::jsonb);
INSERT INTO jobs (id, patient_first_initial, patient_last_name, job_type, status, order_destination, office_id, order_id, notes, created_at, updated_at, status_changed_at, is_redo_job, custom_column_values) VALUES ('e4880ec8-9ea7-49ba-9cb8-144bf624aafa', 'Y', 'Jeon', 'contacts', 'ready_for_pickup', 'destination_1758832445299', 'a20d81c8-bde9-4ff0-bbfb-86171cd2f382', 'MIGRATED-0019', 'Original order date 9/8, never got ordered, reorder 9/20 Coopervision', '2025-09-20 07:00:00+00', '2025-09-30 21:50:11.820345+00', '2025-09-30 21:50:11.820345+00', false, '{}'::jsonb);
INSERT INTO jobs (id, patient_first_initial, patient_last_name, job_type, status, order_destination, office_id, order_id, notes, created_at, updated_at, status_changed_at, is_redo_job, custom_column_values) VALUES ('e63da2bc-c53f-4bd9-b918-b4818c6163ad', 'B', 'Juan', 'rx', 'ready_for_pickup', 'zeiss', 'a20d81c8-bde9-4ff0-bbfb-86171cd2f382', 'ORD-20251017-0002', ' [Restored from archive]', '2025-08-09 07:00:00+00', '2025-10-17 00:44:39.897248+00', '2025-10-17 00:44:39.897248+00', false, '{}'::jsonb);
INSERT INTO jobs (id, patient_first_initial, patient_last_name, job_type, status, order_destination, office_id, order_id, phone, created_by, created_at, updated_at, status_changed_at, is_redo_job, custom_column_values) VALUES ('e69d1d5e-00a2-4459-a047-7782157cdb49', 'C', 'Melodia', 'sun', 'ordered', 'zeiss', 'a20d81c8-bde9-4ff0-bbfb-86171cd2f382', 'ORD-20251016-0001', '7143986810', '0a30693a-baed-4c99-bb81-4d11d2c43dd9', '2025-10-16 22:50:55.576+00', '2025-10-16 22:51:01.592066+00', '2025-10-16 22:51:01.592066+00', true, '{}'::jsonb);
INSERT INTO jobs (id, patient_first_initial, patient_last_name, job_type, status, order_destination, office_id, order_id, created_by, created_at, updated_at, status_changed_at, is_redo_job, custom_column_values) VALUES ('f0c7b500-dc60-4481-8180-8bed39cf3cb3', 'A', 'O''Donnell', 'rx', 'ready_for_pickup', 'zeiss', 'a20d81c8-bde9-4ff0-bbfb-86171cd2f382', 'ORD-20251013-0001', 'a1446249-284a-49cc-b254-9dc5bbe75a1a', '2025-10-13 21:43:06.426+00', '2025-10-18 18:23:45.215479+00', '2025-10-18 18:23:45.215479+00', false, '{}'::jsonb);
INSERT INTO jobs (id, patient_first_initial, patient_last_name, job_type, status, order_destination, office_id, order_id, notes, created_at, updated_at, status_changed_at, is_redo_job, custom_column_values) VALUES ('f312d05b-6019-418a-a576-7f6977c457b3', 'C', 'PAULSEN', 'sun', 'ready_for_pickup', 'zeiss', 'a20d81c8-bde9-4ff0-bbfb-86171cd2f382', 'MIGRATED-0020', 'ORDERED 9/22', '2025-09-25 17:40:55.278+00', '2025-09-25 22:40:47.118089+00', '2025-09-25 22:40:47.118089+00', false, '{}'::jsonb);
INSERT INTO jobs (id, patient_first_initial, patient_last_name, job_type, status, order_destination, office_id, order_id, created_by, created_at, updated_at, status_changed_at, is_redo_job, custom_column_values) VALUES ('f684dc04-b7a7-4455-8094-7b46136ce594', 'A', 'Tran', 'rx', 'ready_for_pickup', 'destination_1760576110306', 'a20d81c8-bde9-4ff0-bbfb-86171cd2f382', 'ORD-20251018-0003', 'a1446249-284a-49cc-b254-9dc5bbe75a1a', '2025-10-07 07:00:00+00', '2025-10-18 21:15:47.770665+00', '2025-10-18 21:15:47.770665+00', false, '{}'::jsonb);
INSERT INTO jobs (id, patient_first_initial, patient_last_name, job_type, status, order_destination, office_id, order_id, phone, notes, created_at, updated_at, status_changed_at, is_redo_job, custom_column_values) VALUES ('fbc39a50-e2a7-47f5-a8bf-74af7f80f77b', 'K', 'Worden', 'contacts', 'ready_for_pickup', 'destination_1758832440647', 'a20d81c8-bde9-4ff0-bbfb-86171cd2f382', 'MIGRATED-0021', '7144578154', 'OOGP', '2025-09-24 07:00:00+00', '2025-09-26 22:45:19.186562+00', '2025-09-26 22:45:19.186562+00', false, '{}'::jsonb);
INSERT INTO jobs (id, patient_first_initial, patient_last_name, job_type, status, order_destination, office_id, order_id, created_by, created_at, updated_at, status_changed_at, is_redo_job, custom_column_values) VALUES ('fc1e743d-5d15-4289-8bd3-0900bae728aa', 'A', 'CHEN', 'rx', 'ordered', 'zeiss', 'a20d81c8-bde9-4ff0-bbfb-86171cd2f382', 'ORD-20251016-0005', 'a1446249-284a-49cc-b254-9dc5bbe75a1a', '2025-10-16 23:15:10.821+00', '2025-10-16 23:15:24.143789+00', '2025-10-16 23:15:24.143789+00', false, '{}'::jsonb);
INSERT INTO jobs (id, patient_first_initial, patient_last_name, job_type, status, order_destination, office_id, order_id, notes, created_at, updated_at, status_changed_at, is_redo_job, custom_column_values) VALUES ('ff394d74-4d70-42b3-aa7f-2d905461c498', 'M', 'RINALDI', 'rx', 'ready_for_pickup', 'zeiss', 'a20d81c8-bde9-4ff0-bbfb-86171cd2f382', 'MIGRATED-0022', 'ORDERED 9/24', '2025-09-25 17:44:00.674+00', '2025-10-07 22:12:02.023085+00', '2025-10-07 22:12:02.023085+00', false, '{}'::jsonb);
INSERT INTO jobs (id, patient_first_initial, patient_last_name, job_type, status, order_destination, office_id, order_id, created_by, original_job_id, created_at, updated_at, status_changed_at, is_redo_job, custom_column_values) VALUES ('5bbc1455-5abd-4439-a9ea-28a6750c3000', 'Q', 'Young', 'rx', 'job_created', 'zeiss', 'a20d81c8-bde9-4ff0-bbfb-86171cd2f382', 'ORD-20251017-0001', '0a30693a-baed-4c99-bb81-4d11d2c43dd9', '6737325c-f1e6-4aef-a24e-da0627cdbe3a', '2025-10-17 00:41:47.249+00', '2025-10-17 00:41:47.417083+00', '2025-10-17 00:41:47.417083+00', true, '{}'::jsonb);
INSERT INTO jobs (id, patient_first_initial, patient_last_name, job_type, status, order_destination, office_id, order_id, phone, created_by, original_job_id, created_at, updated_at, status_changed_at, is_redo_job, custom_column_values) VALUES ('d354cbb9-bb24-4998-9a84-52a5fd42cf39', 'P', 'Doe', 'sun', 'job_created', 'vsp_zeiss', 'd10015ce-316c-41f0-9661-42b5b65911ba', 'MIGRATED-0023', '5558291026', '1bd2e7fc-cd53-412d-aa16-9f79d17dc0a8', '5e4b0e1f-04e4-4c3b-beaa-f416d076ffae', '2025-09-29 00:53:58.775+00', '2025-09-29 01:07:33.940538+00', '2025-09-29 00:53:58.885044+00', true, '{}'::jsonb);

-- 4. Import Archived Jobs

-- Import Archived Jobs
INSERT INTO archived_jobs (id, patient_first_initial, patient_last_name, job_type, order_destination, office_id, final_status, order_id, created_by, archived_at, original_created_at, is_redo_job, custom_column_values) VALUES ('04947dc5-c4bd-417e-bc33-012fe6ffcbd7', 'E', 'PIVARAL', 'contacts', 'destination_1758832450218', 'a20d81c8-bde9-4ff0-bbfb-86171cd2f382', 'completed', 'ORD-20251015-0002', 'a1446249-284a-49cc-b254-9dc5bbe75a1a', '2025-10-16 20:25:20.606354+00', '2025-10-15 00:45:14.901+00', false, '{}'::jsonb);
INSERT INTO archived_jobs (id, patient_first_initial, patient_last_name, job_type, order_destination, office_id, final_status, order_id, phone, archived_at, original_created_at, is_redo_job, custom_column_values) VALUES ('09daf2ec-da9f-4ba5-a669-414f437ed997', 'J', 'Primrose', 'sun', 'zeiss', 'a20d81c8-bde9-4ff0-bbfb-86171cd2f382', 'completed', 'ARCHIVED-0001', '7146510720', '2025-10-09 19:24:28.730102+00', '2025-09-18 22:35:04.483+00', false, '{}'::jsonb);
INSERT INTO archived_jobs (id, patient_first_initial, patient_last_name, job_type, order_destination, office_id, final_status, order_id, archived_at, original_created_at, is_redo_job, custom_column_values) VALUES ('0adfd5b4-39d0-4545-b3c6-617aace62164', 'J', 'Villoria', 'sun', 'zeiss', 'a20d81c8-bde9-4ff0-bbfb-86171cd2f382', 'completed', 'ARCHIVED-0002', '2025-10-09 19:26:00.458463+00', '2025-08-18 07:00:00+00', false, '{}'::jsonb);
INSERT INTO archived_jobs (id, patient_first_initial, patient_last_name, job_type, order_destination, office_id, final_status, order_id, phone, archived_at, original_created_at, is_redo_job, custom_column_values) VALUES ('17f82eac-7302-46de-af26-b5292b87f55e', 'C', 'Melodia', 'sun', 'zeiss', 'a20d81c8-bde9-4ff0-bbfb-86171cd2f382', 'completed', 'ARCHIVED-0003', '7143986810', '2025-10-15 20:59:21.173702+00', '2025-10-01 07:00:00+00', false, '{}'::jsonb);
INSERT INTO archived_jobs (id, patient_first_initial, patient_last_name, job_type, order_destination, office_id, final_status, order_id, phone, archived_at, original_created_at, is_redo_job, custom_column_values) VALUES ('18acee15-88ec-428a-815d-162700ac1d14', 'E', 'Daquigan', 'rx', 'zeiss', 'a20d81c8-bde9-4ff0-bbfb-86171cd2f382', 'completed', 'ARCHIVED-0004', '7142669644', '2025-09-26 22:27:32.2901+00', '2025-09-17 07:00:00+00', false, '{}'::jsonb);
INSERT INTO archived_jobs (id, patient_first_initial, patient_last_name, job_type, order_destination, office_id, final_status, order_id, notes, archived_at, original_created_at, is_redo_job, custom_column_values) VALUES ('194e51d7-1bbe-4cbe-a6bc-acd422af873b', 'W', 'McKenna', 'contacts', 'destination_1758832440647', 'a20d81c8-bde9-4ff0-bbfb-86171cd2f382', 'completed', 'ARCHIVED-0005', 'DO NOT DISPENSE PER DR. EDWARD', '2025-10-09 20:28:46.690614+00', '2025-09-24 07:00:00+00', false, '{}'::jsonb);
INSERT INTO archived_jobs (id, patient_first_initial, patient_last_name, job_type, order_destination, office_id, final_status, order_id, phone, notes, archived_at, original_created_at, is_redo_job, custom_column_values) VALUES ('210d84f4-e395-4f7d-8038-72d8e5b0f040', 'J', 'Orosco', 'rx', 'Unknown', 'a20d81c8-bde9-4ff0-bbfb-86171cd2f382', 'completed', 'ARCHIVED-0006', '9499339826', 'Zeiss', '2025-09-26 22:27:32.2901+00', '2025-09-18 22:40:37.913+00', false, '{}'::jsonb);
INSERT INTO archived_jobs (id, patient_first_initial, patient_last_name, job_type, order_destination, office_id, final_status, order_id, created_by, archived_at, original_created_at, is_redo_job, custom_column_values) VALUES ('25d9153b-6662-4133-b4fa-86ffa06d53ad', 'A', 'Hromadka', 'sun', 'zeiss', 'a20d81c8-bde9-4ff0-bbfb-86171cd2f382', 'completed', 'ORD-20251009-0001', 'a1446249-284a-49cc-b254-9dc5bbe75a1a', '2025-10-17 22:42:39.465605+00', '2025-10-09 21:59:32.008+00', false, '{}'::jsonb);
INSERT INTO archived_jobs (id, patient_first_initial, patient_last_name, job_type, order_destination, office_id, final_status, order_id, created_by, archived_at, original_created_at, is_redo_job, custom_column_values) VALUES ('2afe54f9-cfa4-40f0-82a6-512ee5c1cbe5', 'A', 'Cohan', 'rx', 'zeiss', 'a20d81c8-bde9-4ff0-bbfb-86171cd2f382', 'completed', 'ARCHIVED-0007', 'a1446249-284a-49cc-b254-9dc5bbe75a1a', '2025-10-16 00:53:35.013336+00', '2025-09-30 07:00:00+00', false, '{}'::jsonb);
INSERT INTO archived_jobs (id, patient_first_initial, patient_last_name, job_type, order_destination, office_id, final_status, order_id, phone, notes, archived_at, original_created_at, is_redo_job, custom_column_values) VALUES ('3732fd7a-df15-407e-8b00-9b78d4a74a26', 'P', 'Taylor', 'rx', 'zeiss', 'a20d81c8-bde9-4ff0-bbfb-86171cd2f382', 'completed', 'ARCHIVED-0008', '5625875343', 'VSP Zeiss', '2025-09-26 22:27:32.2901+00', '2025-09-17 07:00:00+00', false, '{}'::jsonb);
INSERT INTO archived_jobs (id, patient_first_initial, patient_last_name, job_type, order_destination, office_id, final_status, order_id, notes, archived_at, original_created_at, is_redo_job, custom_column_values) VALUES ('390eff25-69ce-4dd6-aa2f-5596c0a97bbb', 'L', 'Lam', 'contacts', 'destination_1758832440647', 'a20d81c8-bde9-4ff0-bbfb-86171cd2f382', 'completed', 'ARCHIVED-0009', 'OOGP', '2025-10-11 21:23:13.601027+00', '2025-09-24 07:00:00+00', false, '{}'::jsonb);
INSERT INTO archived_jobs (id, patient_first_initial, patient_last_name, job_type, order_destination, office_id, final_status, order_id, created_by, archived_at, original_created_at, is_redo_job, custom_column_values) VALUES ('399a5345-2b19-4919-a9ff-4c1981276bb4', 'J', 'Trujillo #1', 'rx', 'destination_1758834102413', 'a20d81c8-bde9-4ff0-bbfb-86171cd2f382', 'completed', 'ORD-20251004-0002', 'a1446249-284a-49cc-b254-9dc5bbe75a1a', '2025-10-11 21:27:49.659892+00', '2025-10-07 07:00:00+00', false, '{}'::jsonb);
INSERT INTO archived_jobs (id, patient_first_initial, patient_last_name, job_type, order_destination, office_id, final_status, order_id, created_by, archived_at, original_created_at, is_redo_job, custom_column_values) VALUES ('3c806b9a-99d0-43d2-ac18-61a513495c72', 'J', 'VERDIN', 'rx', 'destination_1758834102413', 'a20d81c8-bde9-4ff0-bbfb-86171cd2f382', 'completed', 'ORD-20251002-0002', 'a1446249-284a-49cc-b254-9dc5bbe75a1a', '2025-10-15 19:12:32.36886+00', '2025-10-02 18:47:41.935+00', false, '{}'::jsonb);
INSERT INTO archived_jobs (id, patient_first_initial, patient_last_name, job_type, order_destination, office_id, final_status, order_id, created_by, archived_at, original_created_at, is_redo_job, custom_column_values) VALUES ('3ed93dc9-7a11-4848-ace8-12faf0ca666e', 'E', 'PIVARAL', 'contacts', 'destination_1758832440647', 'a20d81c8-bde9-4ff0-bbfb-86171cd2f382', 'completed', 'ORD-20251007-0003', 'a1446249-284a-49cc-b254-9dc5bbe75a1a', '2025-10-09 23:20:53.768424+00', '2025-10-07 23:18:26.152+00', false, '{}'::jsonb);
INSERT INTO archived_jobs (id, patient_first_initial, patient_last_name, job_type, order_destination, office_id, final_status, order_id, notes, archived_at, original_created_at, is_redo_job, custom_column_values) VALUES ('46a616d0-5346-4473-8991-bc4aaf9ec55c', 'M', 'SCHUEMAN', 'sun', 'zeiss', 'a20d81c8-bde9-4ff0-bbfb-86171cd2f382', 'completed', 'ARCHIVED-0010', 'ORDERED 9/22 EMAILED REGARDING B.C.', '2025-10-09 19:24:54.461713+00', '2025-09-25 17:41:53.326+00', false, '{}'::jsonb);
INSERT INTO archived_jobs (id, patient_first_initial, patient_last_name, job_type, order_destination, office_id, final_status, order_id, created_by, archived_at, original_created_at, is_redo_job, custom_column_values) VALUES ('5037873c-f48e-46c4-a7dc-3bbaba6bb129', 'E', 'Perez', 'rx', 'zeiss', 'a20d81c8-bde9-4ff0-bbfb-86171cd2f382', 'completed', 'ORD-20251001-0002', '0a30693a-baed-4c99-bb81-4d11d2c43dd9', '2025-10-17 20:03:22.538898+00', '2025-10-01 00:20:25.16+00', false, '{}'::jsonb);
INSERT INTO archived_jobs (id, patient_first_initial, patient_last_name, job_type, order_destination, office_id, final_status, order_id, phone, archived_at, original_created_at, is_redo_job, custom_column_values) VALUES ('545c0ab0-f780-4a25-bcfa-ae4577c3e733', 'P', 'Doe', 'sun', 'Unknown', 'd10015ce-316c-41f0-9661-42b5b65911ba', 'cancelled', 'ARCHIVED-0011', '5558291026', '2025-09-26 23:03:06.640343+00', '2025-09-08 07:00:00+00', false, '{}'::jsonb);
INSERT INTO archived_jobs (id, patient_first_initial, patient_last_name, job_type, order_destination, office_id, final_status, order_id, phone, archived_at, original_created_at, is_redo_job, custom_column_values) VALUES ('571c4df4-a393-4ddf-956d-87a46009724a', 'T', 'Smith', 'rx', 'destination_1759981315234', 'd10015ce-316c-41f0-9661-42b5b65911ba', 'completed', 'ARCHIVED-0012', '5552532069', '2025-10-09 16:00:53.202057+00', '2025-09-10 07:00:00+00', false, '{}'::jsonb);
INSERT INTO archived_jobs (id, patient_first_initial, patient_last_name, job_type, order_destination, office_id, final_status, order_id, notes, archived_at, original_created_at, is_redo_job, custom_column_values) VALUES ('646aecb8-b925-4a8c-aca9-35d662b90747', 'M', 'Morris', 'contacts', 'destination_1758832440647', 'a20d81c8-bde9-4ff0-bbfb-86171cd2f382', 'completed', 'ARCHIVED-0013', 'Original order date 9/4 - never got ordered, reordered 9/24 OOGP', '2025-10-11 21:25:50.105709+00', '2025-09-24 07:00:00+00', false, '{}'::jsonb);
INSERT INTO archived_jobs (id, patient_first_initial, patient_last_name, job_type, order_destination, office_id, final_status, order_id, phone, notes, archived_at, original_created_at, is_redo_job, custom_column_values) VALUES ('6a69742b-7b2c-4b19-95a5-09b7c667972a', 'K', 'Young', 'contacts', 'destination_1758832440647', 'a20d81c8-bde9-4ff0-bbfb-86171cd2f382', 'completed', 'ARCHIVED-0014', '7143419481', 'OOGP', '2025-10-09 19:28:40.585581+00', '2025-09-24 07:00:00+00', false, '{}'::jsonb);
INSERT INTO archived_jobs (id, patient_first_initial, patient_last_name, job_type, order_destination, office_id, final_status, order_id, created_by, archived_at, original_created_at, is_redo_job, custom_column_values) VALUES ('6e4451d9-a81c-4f61-893d-4f61388d43ad', 'A', 'SAKAMOTO', 'contacts', 'destination_1758832450218', 'a20d81c8-bde9-4ff0-bbfb-86171cd2f382', 'completed', 'ORD-20251003-0001', 'a1446249-284a-49cc-b254-9dc5bbe75a1a', '2025-10-09 19:34:43.118392+00', '2025-10-03 00:14:57.667+00', false, '{}'::jsonb);
INSERT INTO archived_jobs (id, patient_first_initial, patient_last_name, job_type, order_destination, office_id, final_status, order_id, archived_at, original_created_at, is_redo_job, custom_column_values) VALUES ('78059602-0c3d-4aa7-8a61-7bfb626ee581', 'Z', 'Tang', 'rx', 'destination_1758834102413', 'a20d81c8-bde9-4ff0-bbfb-86171cd2f382', 'completed', 'ARCHIVED-0015', '2025-10-09 19:28:24.128382+00', '2025-09-22 07:00:00+00', false, '{}'::jsonb);
INSERT INTO archived_jobs (id, patient_first_initial, patient_last_name, job_type, order_destination, office_id, final_status, order_id, created_by, archived_at, original_created_at, is_redo_job, custom_column_values) VALUES ('7d152a83-0a69-4eca-88ca-f3b0ebe87817', 'J', 'Trujillo #2', 'sun', 'zeiss', 'a20d81c8-bde9-4ff0-bbfb-86171cd2f382', 'completed', 'ORD-20251004-0003', 'a1446249-284a-49cc-b254-9dc5bbe75a1a', '2025-10-15 20:36:15.843432+00', '2025-10-07 07:00:00+00', false, '{}'::jsonb);
INSERT INTO archived_jobs (id, patient_first_initial, patient_last_name, job_type, order_destination, office_id, final_status, order_id, phone, archived_at, original_created_at, is_redo_job, custom_column_values) VALUES ('85ef5dc4-33c3-4b36-a503-3c1702a20435', 'K', 'Smith', 'sunrx', 'Unknown', 'd10015ce-316c-41f0-9661-42b5b65911ba', 'completed', 'ARCHIVED-0016', '5551029293', '2025-09-26 22:27:32.2901+00', '2025-09-01 07:00:00+00', false, '{}'::jsonb);
INSERT INTO archived_jobs (id, patient_first_initial, patient_last_name, job_type, order_destination, office_id, final_status, order_id, created_by, archived_at, original_created_at, is_redo_job, custom_column_values) VALUES ('87ccd042-1987-484d-9e71-b38fcd92ed9a', 'M', 'LOUTHAN RX2', 'rx', 'zeiss', 'a20d81c8-bde9-4ff0-bbfb-86171cd2f382', 'completed', 'ORD-20251003-0003', 'a1446249-284a-49cc-b254-9dc5bbe75a1a', '2025-10-13 21:22:19.462406+00', '2025-10-03 19:39:52.114+00', false, '{}'::jsonb);
INSERT INTO archived_jobs (id, patient_first_initial, patient_last_name, job_type, order_destination, office_id, final_status, order_id, phone, notes, archived_at, original_created_at, is_redo_job, custom_column_values) VALUES ('905e2d4b-7e67-4ba5-84b5-d8ba3001eb36', 'W', 'McKenna', 'rx', 'Unknown', 'a20d81c8-bde9-4ff0-bbfb-86171cd2f382', 'completed', 'ARCHIVED-0017', '3146160775', 'Eco frame on order ETA 9/10.
Zeiss lenses ordered 8/13', '2025-09-26 22:27:32.2901+00', '2025-08-15 07:00:00+00', false, '{}'::jsonb);
INSERT INTO archived_jobs (id, patient_first_initial, patient_last_name, job_type, order_destination, office_id, final_status, order_id, phone, archived_at, original_created_at, is_redo_job, custom_column_values) VALUES ('9268d641-39ea-4f5d-b269-5c83e6f4ff92', 'J', 'Bunge', 'rx', 'Unknown', 'a20d81c8-bde9-4ff0-bbfb-86171cd2f382', 'completed', 'ARCHIVED-0018', '7142960070', '2025-09-26 22:27:32.2901+00', '2025-09-13 07:00:00+00', false, '{}'::jsonb);
INSERT INTO archived_jobs (id, patient_first_initial, patient_last_name, job_type, order_destination, office_id, final_status, order_id, archived_at, original_created_at, is_redo_job, custom_column_values) VALUES ('97faaadb-16e6-4c0e-b3ad-fddfb48cf559', 'K', 'Ramsey', 'rx', 'zeiss', 'a20d81c8-bde9-4ff0-bbfb-86171cd2f382', 'completed', 'ARCHIVED-0019', '2025-10-18 22:23:24.376973+00', '2025-09-02 07:00:00+00', false, '{}'::jsonb);
INSERT INTO archived_jobs (id, patient_first_initial, patient_last_name, job_type, order_destination, office_id, final_status, order_id, created_by, archived_at, original_created_at, is_redo_job, custom_column_values) VALUES ('a66abd83-9d35-4f67-9f2d-71bad97f0ad7', 'S', 'AGUILAR', 'contacts', 'destination_1758832440647', 'a20d81c8-bde9-4ff0-bbfb-86171cd2f382', 'completed', 'ORD-20251007-0005', 'a1446249-284a-49cc-b254-9dc5bbe75a1a', '2025-10-14 19:50:45.235076+00', '2025-10-07 23:19:18.177+00', false, '{}'::jsonb);
INSERT INTO archived_jobs (id, patient_first_initial, patient_last_name, job_type, order_destination, office_id, final_status, order_id, created_by, archived_at, original_created_at, is_redo_job, custom_column_values) VALUES ('a8130669-1c36-4958-a9ab-6a6f2db3bf20', 'K', 'THOMAS', 'rx', 'zeiss', 'a20d81c8-bde9-4ff0-bbfb-86171cd2f382', 'completed', 'ORD-20251016-0007', 'a1446249-284a-49cc-b254-9dc5bbe75a1a', '2025-10-17 20:03:16.884188+00', '2025-10-06 07:00:00+00', false, '{}'::jsonb);
INSERT INTO archived_jobs (id, patient_first_initial, patient_last_name, job_type, order_destination, office_id, final_status, order_id, created_by, archived_at, original_created_at, is_redo_job, custom_column_values) VALUES ('a86224f7-cf7e-4768-aebd-40d61ce209aa', 'A', 'STONEMAN', 'rx', 'destination_1760576110306', 'a20d81c8-bde9-4ff0-bbfb-86171cd2f382', 'completed', 'ORD-20251018-0002', 'a1446249-284a-49cc-b254-9dc5bbe75a1a', '2025-10-18 21:35:12.351215+00', '2025-10-17 07:00:00+00', false, '{}'::jsonb);
INSERT INTO archived_jobs (id, patient_first_initial, patient_last_name, job_type, order_destination, office_id, final_status, order_id, created_by, archived_at, original_created_at, is_redo_job, custom_column_values) VALUES ('cb810fc9-1377-42bd-9d1e-e1a0e5e055d8', 'I', 'Holiday', 'rx', 'Zeiss Stock', 'a20d81c8-bde9-4ff0-bbfb-86171cd2f382', 'completed', 'ORD-20250930-0001', '0a30693a-baed-4c99-bb81-4d11d2c43dd9', '2025-10-09 19:31:24.276466+00', '2025-09-30 01:28:14.556+00', false, '{}'::jsonb);
INSERT INTO archived_jobs (id, patient_first_initial, patient_last_name, job_type, order_destination, office_id, final_status, order_id, notes, archived_at, original_created_at, is_redo_job, custom_column_values) VALUES ('cc3e0356-6bdc-4bc4-93ec-dc8c8b0bd475', 'C', 'Cantwell', 'rx', 'zeiss', 'a20d81c8-bde9-4ff0-bbfb-86171cd2f382', 'completed', 'ARCHIVED-0020', 'frame only Gotti, original ETA 9/10, updated ETA end of Sept', '2025-10-16 22:53:10.788744+00', '2025-10-06 07:00:00+00', false, '{}'::jsonb);
INSERT INTO archived_jobs (id, patient_first_initial, patient_last_name, job_type, order_destination, office_id, final_status, order_id, notes, archived_at, original_created_at, is_redo_job, custom_column_values) VALUES ('cf1f7790-b8c2-4a60-bc4c-d4ffaebb1d15', 'G', 'TRIBELHORN', 'sun', 'zeiss', 'a20d81c8-bde9-4ff0-bbfb-86171cd2f382', 'completed', 'ARCHIVED-0021', 'ORDERED 9/24', '2025-10-11 00:41:08.107235+00', '2025-09-25 17:43:26.076+00', false, '{}'::jsonb);
INSERT INTO archived_jobs (id, patient_first_initial, patient_last_name, job_type, order_destination, office_id, final_status, order_id, created_by, archived_at, original_created_at, is_redo_job, custom_column_values) VALUES ('d618be06-458d-4e7a-96ff-6ef9f5e537db', 'M', 'BAZYLER', 'contacts', 'destination_1758832440647', 'a20d81c8-bde9-4ff0-bbfb-86171cd2f382', 'completed', 'ORD-20251007-0004', 'a1446249-284a-49cc-b254-9dc5bbe75a1a', '2025-10-11 21:26:03.887203+00', '2025-10-07 23:18:48.015+00', false, '{}'::jsonb);
INSERT INTO archived_jobs (id, patient_first_initial, patient_last_name, job_type, order_destination, office_id, final_status, order_id, created_by, archived_at, original_created_at, is_redo_job, custom_column_values) VALUES ('d7ad9ddc-bf45-47f2-80e8-03bffec50230', 'M', 'LOUTHAN RX1', 'rx', 'zeiss', 'a20d81c8-bde9-4ff0-bbfb-86171cd2f382', 'completed', 'ORD-20251003-0002', 'a1446249-284a-49cc-b254-9dc5bbe75a1a', '2025-10-09 22:57:47.407413+00', '2025-10-03 19:38:23.872+00', false, '{}'::jsonb);
INSERT INTO archived_jobs (id, patient_first_initial, patient_last_name, job_type, order_destination, office_id, final_status, order_id, created_by, archived_at, original_created_at, is_redo_job, custom_column_values) VALUES ('ddd3dd98-45dd-4c51-9d36-25e5546ee7f1', 'M', 'Bazyler', 'rx', 'zeiss', 'a20d81c8-bde9-4ff0-bbfb-86171cd2f382', 'completed', 'ORD-20251002-0001', 'a1446249-284a-49cc-b254-9dc5bbe75a1a', '2025-10-10 18:04:29.549533+00', '2025-10-01 07:00:00+00', false, '{}'::jsonb);
INSERT INTO archived_jobs (id, patient_first_initial, patient_last_name, job_type, order_destination, office_id, final_status, order_id, created_by, archived_at, original_created_at, is_redo_job, custom_column_values) VALUES ('e27f5173-923f-42f0-b0de-211d65a783a6', 'L', 'Long', 'rx', 'destination_1758834102413', 'a20d81c8-bde9-4ff0-bbfb-86171cd2f382', 'completed', 'ORD-20251001-0001', '0a30693a-baed-4c99-bb81-4d11d2c43dd9', '2025-10-11 21:19:50.025997+00', '2025-10-01 00:19:59.882+00', false, '{}'::jsonb);
INSERT INTO archived_jobs (id, patient_first_initial, patient_last_name, job_type, order_destination, office_id, final_status, order_id, created_by, notes, archived_at, original_created_at, is_redo_job, custom_column_values) VALUES ('ef397704-0d28-4c14-b9ba-2ae7fab1459c', 'D', 'Howell', 'rx', 'zeiss', 'a20d81c8-bde9-4ff0-bbfb-86171cd2f382', 'completed', 'ORD-20250929-0003', 'a1446249-284a-49cc-b254-9dc5bbe75a1a', ' [Restored from archive]', '2025-10-11 00:40:56.978687+00', '2025-09-29 23:28:40.522+00', false, '{}'::jsonb);
INSERT INTO archived_jobs (id, patient_first_initial, patient_last_name, job_type, order_destination, office_id, final_status, order_id, phone, notes, archived_at, original_created_at, is_redo_job, custom_column_values) VALUES ('f28daa72-1c81-459d-b1f0-4775ecfb71e3', 'M', 'Fischer', 'sun', 'destination_1758832483079', 'a20d81c8-bde9-4ff0-bbfb-86171cd2f382', 'completed', 'ARCHIVED-0022', '9495336353', 'Eclips, shipped frame out', '2025-10-09 19:36:49.467127+00', '2025-09-19 07:00:00+00', false, '{}'::jsonb);
INSERT INTO archived_jobs (id, patient_first_initial, patient_last_name, job_type, order_destination, office_id, final_status, order_id, phone, notes, archived_at, original_created_at, is_redo_job, custom_column_values) VALUES ('f671931e-2d3a-487d-9807-9f7a8909a7ed', 'M', 'Klein', 'sun', 'zeiss', 'a20d81c8-bde9-4ff0-bbfb-86171cd2f382', 'completed', 'ARCHIVED-0023', '7143251149', '9/12 REDO wrong base curve
9/17 updated patient on status
', '2025-10-15 22:27:37.722802+00', '2025-08-26 07:00:00+00', false, '{}'::jsonb);
INSERT INTO archived_jobs (id, patient_first_initial, patient_last_name, job_type, order_destination, office_id, final_status, order_id, created_by, archived_at, original_created_at, is_redo_job, custom_column_values) VALUES ('f8626697-78f8-4245-a9c5-04937daa3306', 'V', 'Tavo', 'rx', 'destination_1758834102413', 'a20d81c8-bde9-4ff0-bbfb-86171cd2f382', 'completed', 'ORD-20251014-0002', '0a30693a-baed-4c99-bb81-4d11d2c43dd9', '2025-10-18 17:22:54.761413+00', '2025-10-14 20:01:00.54+00', false, '{}'::jsonb);
INSERT INTO archived_jobs (id, patient_first_initial, patient_last_name, job_type, order_destination, office_id, final_status, order_id, created_by, original_job_id, archived_at, original_created_at, is_redo_job, custom_column_values) VALUES ('fefc6126-7409-4cd6-8856-91df0cd791a8', 'D', 'STENSBY', 'rx', 'destination_1758834102413', 'a20d81c8-bde9-4ff0-bbfb-86171cd2f382', 'completed', 'ORD-20251002-0006', 'a1446249-284a-49cc-b254-9dc5bbe75a1a', 'e98fba23-7507-4f21-abc0-d9406dad63e0', '2025-10-09 19:34:58.450305+00', '2025-10-02 23:37:52.491+00', true, '{}'::jsonb);
INSERT INTO archived_jobs (id, patient_first_initial, patient_last_name, job_type, order_destination, office_id, final_status, order_id, notes, archived_at, original_created_at, is_redo_job, custom_column_values) VALUES ('ffb14d4a-1689-479d-b757-2af80e168728', 'G', 'WEIL', 'rx', 'zeiss', 'a20d81c8-bde9-4ff0-bbfb-86171cd2f382', 'completed', 'ARCHIVED-0024', 'ORDERED 9/22 #1049711267', '2025-10-09 19:24:19.459375+00', '2025-09-25 17:39:44.176+00', false, '{}'::jsonb);

-- 5. Import Job Comments (filtered to active jobs only)

-- Import Job Comments (only for active jobs)
INSERT INTO job_comments (id, job_id, author_id, content, created_at) VALUES ('01a435d0-96a6-4e2d-8dcb-8bf970d5728b', '700a1c32-aaaf-49fc-b6b3-a8a21623a38c', 'a1446249-284a-49cc-b254-9dc5bbe75a1a', 'AWAITING FRAME!', '2025-10-08 21:35:12.607419+00');
INSERT INTO job_comments (id, job_id, author_id, content, created_at) VALUES ('18929d27-e116-452b-bed1-02204ac24781', 'd36ea168-5982-45cf-b3ae-72aad2120756', 'a1446249-284a-49cc-b254-9dc5bbe75a1a', 'OD RECEIVED - OS B/O AS OF 10/1', '2025-10-01 21:56:34.933793+00');
INSERT INTO job_comments (id, job_id, author_id, content, created_at) VALUES ('349ce20e-7ddc-46b3-a977-00db6bfecdb4', '88970ce2-9745-4db5-8963-0c2e68865428', '0a30693a-baed-4c99-bb81-4d11d2c43dd9', 'REDO #2 to Bifocal from PAL', '2025-10-17 00:45:00.61953+00');
INSERT INTO job_comments (id, job_id, author_id, content, created_at) VALUES ('37130953-875e-41bb-90e5-3894ef0793e3', 'e69d1d5e-00a2-4459-a047-7782157cdb49', '0a30693a-baed-4c99-bb81-4d11d2c43dd9', 'REDO under scratch warranty', '2025-10-16 22:51:13.090992+00');
INSERT INTO job_comments (id, job_id, author_id, content, created_at) VALUES ('73105788-1468-4c1f-bfbc-e22c3deeae8d', '551f9fce-620b-4f05-9221-2607aba3ceea', 'a1446249-284a-49cc-b254-9dc5bbe75a1a', 'received OD, OS backordered', '2025-10-09 23:21:15.001808+00');
INSERT INTO job_comments (id, job_id, author_id, content, created_at) VALUES ('7604cd41-0984-44dc-8b14-92f925602029', '0dae6150-9bcc-442a-826f-6a4d67960030', 'a1446249-284a-49cc-b254-9dc5bbe75a1a', 'ALLEN HAS ONE LENS ON B/O OCT.6TH', '2025-10-03 22:18:42.584891+00');
INSERT INTO job_comments (id, job_id, author_id, content, created_at) VALUES ('794720c8-f7a4-4c1e-8a34-616e1dd48b78', 'ff394d74-4d70-42b3-aa7f-2d905461c498', 'a1446249-284a-49cc-b254-9dc5bbe75a1a', 'RE-SUBMITTED 10/01', '2025-10-02 17:11:17.382543+00');
INSERT INTO job_comments (id, job_id, author_id, content, created_at) VALUES ('7b560c27-27d0-43a0-98aa-7ab9128ad704', '7574d486-c22c-4a97-a27e-7fc4c9857ca4', '1bd2e7fc-cd53-412d-aa16-9f79d17dc0a8', 'Order is ready but pt is out of town', '2025-09-11 22:28:21.564871+00');
INSERT INTO job_comments (id, job_id, author_id, content, created_at) VALUES ('8bae9987-e342-437b-a9b8-14c1c801c344', '7574d486-c22c-4a97-a27e-7fc4c9857ca4', '1bd2e7fc-cd53-412d-aa16-9f79d17dc0a8', 'Lens was delayed. Notified pt', '2025-09-11 22:27:55.269645+00');
INSERT INTO job_comments (id, job_id, author_id, content, created_at) VALUES ('ae36e7a4-cf5f-4154-a0d9-83f69b517c4e', '0dae6150-9bcc-442a-826f-6a4d67960030', 'a1446249-284a-49cc-b254-9dc5bbe75a1a', 'NEW B/O OCT. 17TH FOR OD LENS', '2025-10-10 18:16:51.237977+00');
INSERT INTO job_comments (id, job_id, author_id, content, created_at) VALUES ('aeb3b3aa-f34f-4b1a-97b3-9be33b98ea2b', '0dae6150-9bcc-442a-826f-6a4d67960030', 'a1446249-284a-49cc-b254-9dc5bbe75a1a', 'LENS ON B/O 10/6', '2025-10-07 18:38:17.71374+00');
INSERT INTO job_comments (id, job_id, author_id, content, created_at) VALUES ('c50c7655-8d30-4e1f-ab68-05910427b902', 'b86e722c-1594-4ed9-972e-ff16ba8e950c', 'a1446249-284a-49cc-b254-9dc5bbe75a1a', 'picked up all boxes except one (was backordered)', '2025-09-25 20:30:19.144619+00');

-- 6. Import Status History (filtered to active jobs only)

-- Import Job Status History (only for active jobs)
INSERT INTO job_status_history (id, job_id, new_status, changed_by, changed_at) VALUES ('00be10ad-1049-4b3d-b45a-d208709d5ec9', 'f684dc04-b7a7-4455-8094-7b46136ce594', 'ready_for_pickup', 'a1446249-284a-49cc-b254-9dc5bbe75a1a', '2025-10-18 21:15:47.770665+00');
INSERT INTO job_status_history (id, job_id, new_status, changed_by, old_status, changed_at) VALUES ('02ffa4cf-2b2a-4223-a491-e1490ab5a100', '7574d486-c22c-4a97-a27e-7fc4c9857ca4', 'status_1758929953866', '1bd2e7fc-cd53-412d-aa16-9f79d17dc0a8', 'status_1757452359948', '2025-09-27 00:26:51.848734+00');
INSERT INTO job_status_history (id, job_id, new_status, changed_by, changed_at) VALUES ('06d846c3-f1f2-495a-91c1-0bb267d12eef', 'fbc39a50-e2a7-47f5-a8bf-74af7f80f77b', 'ordered', 'a1446249-284a-49cc-b254-9dc5bbe75a1a', '2025-09-25 17:37:05.54696+00');
INSERT INTO job_status_history (id, job_id, new_status, changed_by, old_status, changed_at) VALUES ('0a1d8d99-6017-47e9-8349-2172ffc9c6ca', '0ba265e2-6162-4bb3-b6eb-e2dffc795565', 'ready_for_pickup', 'a1446249-284a-49cc-b254-9dc5bbe75a1a', 'ordered', '2025-10-18 18:23:43.379083+00');
INSERT INTO job_status_history (id, job_id, new_status, changed_by, old_status, changed_at) VALUES ('0ba92367-3688-4be5-a8cd-b2c54a604a48', '4ee9d75b-28a3-4ee3-b97a-2bf70102ce0f', 'ready_for_pickup', 'a1446249-284a-49cc-b254-9dc5bbe75a1a', 'ordered', '2025-10-01 21:18:07.709753+00');
INSERT INTO job_status_history (id, job_id, new_status, changed_by, old_status, changed_at) VALUES ('11306fa4-385a-4d9d-a0fb-76aba0d75cdc', '3d48e282-b66e-46e2-a988-7479025465b1', 'ready_for_pickup', 'a1446249-284a-49cc-b254-9dc5bbe75a1a', 'ordered', '2025-10-07 21:33:27.490424+00');
INSERT INTO job_status_history (id, job_id, new_status, changed_by, old_status, changed_at) VALUES ('11f2d7a7-3ea9-4a40-a88e-81abe5b01612', 'f0c7b500-dc60-4481-8180-8bed39cf3cb3', 'ready_for_pickup', 'a1446249-284a-49cc-b254-9dc5bbe75a1a', 'ordered', '2025-10-18 18:23:45.215479+00');
INSERT INTO job_status_history (id, job_id, new_status, changed_by, changed_at) VALUES ('1364ba51-cf2f-4edb-9688-5537a31c0383', '75a57090-8176-498c-93b7-7dd25e4aae96', 'ready_for_pickup', 'a1446249-284a-49cc-b254-9dc5bbe75a1a', '2025-10-08 21:44:42.26134+00');
INSERT INTO job_status_history (id, job_id, new_status, changed_by, old_status, changed_at) VALUES ('17b41b57-c7d3-4af3-b4bd-21ff8489a3c4', '4ee9d75b-28a3-4ee3-b97a-2bf70102ce0f', 'ready_for_pickup', 'a1446249-284a-49cc-b254-9dc5bbe75a1a', 'ordered', '2025-10-01 21:18:07.709753+00');
INSERT INTO job_status_history (id, job_id, new_status, changed_by, changed_at) VALUES ('19065c0d-271e-481d-9c9e-1be5f9dcfdd3', 'a68ced64-b9cd-464b-87f2-2f0bb604adba', 'ordered', 'a1446249-284a-49cc-b254-9dc5bbe75a1a', '2025-10-17 18:19:41.92428+00');
INSERT INTO job_status_history (id, job_id, new_status, changed_by, old_status, changed_at) VALUES ('1b8b7c31-c047-47d7-8dae-267742fc6403', 'a68ced64-b9cd-464b-87f2-2f0bb604adba', 'ready_for_pickup', 'a1446249-284a-49cc-b254-9dc5bbe75a1a', 'ordered', '2025-10-18 20:12:30.115823+00');
INSERT INTO job_status_history (id, job_id, new_status, changed_by, old_status, changed_at) VALUES ('1c620665-13d9-4d08-8b86-1dc9d2a234cc', '5e4b0e1f-04e4-4c3b-beaa-f416d076ffae', 'status_1758929953866', '1bd2e7fc-cd53-412d-aa16-9f79d17dc0a8', 'status_1757452359948', '2025-09-27 00:27:37.778872+00');
INSERT INTO job_status_history (id, job_id, new_status, changed_by, old_status, changed_at) VALUES ('1e2c0a4f-80a0-4ffe-8b5f-87cb59b7030a', 'f312d05b-6019-418a-a576-7f6977c457b3', 'ready_for_pickup', 'a1446249-284a-49cc-b254-9dc5bbe75a1a', 'completed', '2025-09-25 22:40:47.118089+00');
INSERT INTO job_status_history (id, job_id, new_status, changed_by, changed_at) VALUES ('1e4bb878-79e4-419c-9f3c-73d0217b0782', '3d48e282-b66e-46e2-a988-7479025465b1', 'ordered', 'a1446249-284a-49cc-b254-9dc5bbe75a1a', '2025-09-26 21:22:57.334221+00');
INSERT INTO job_status_history (id, job_id, new_status, changed_by, old_status, changed_at) VALUES ('1f1c19cc-919a-44a1-8bef-5b7ecf6d8c99', '425aa7b4-6495-4745-9192-e6ba0cf7f71d', 'quality_check', '1bd2e7fc-cd53-412d-aa16-9f79d17dc0a8', 'ordered', '2025-09-28 01:54:05.418358+00');
INSERT INTO job_status_history (id, job_id, new_status, changed_by, old_status, changed_at) VALUES ('211e2a72-7e3e-47fb-b5a3-9d4c4ddd094f', '425aa7b4-6495-4745-9192-e6ba0cf7f71d', 'status_1758929953866', '1bd2e7fc-cd53-412d-aa16-9f79d17dc0a8', 'status_1757452359948', '2025-09-28 01:54:00.870883+00');
INSERT INTO job_status_history (id, job_id, new_status, changed_by, changed_at) VALUES ('26333c5f-71a2-4c83-b5a1-e3d7b5ccfbb1', 'afdecab6-8977-4bc9-96ac-4d434bb405a1', 'ready_for_pickup', 'a1446249-284a-49cc-b254-9dc5bbe75a1a', '2025-09-25 17:43:07.283484+00');
INSERT INTO job_status_history (id, job_id, new_status, changed_by, changed_at) VALUES ('29e45eb1-e721-4619-8ebb-27dbe1da5970', '5af1b324-4035-4b68-8e3a-225069aef3ba', 'job_created', 'a1446249-284a-49cc-b254-9dc5bbe75a1a', '2025-09-30 17:05:27.513575+00');
INSERT INTO job_status_history (id, job_id, new_status, changed_by, old_status, changed_at) VALUES ('2ad1b1fa-f9dd-46c7-a993-9f3a06beda4b', '97052081-df0e-43b0-94dd-8d3479ebad12', 'ordered', 'a1446249-284a-49cc-b254-9dc5bbe75a1a', 'job_created', '2025-10-15 00:40:41.431529+00');
INSERT INTO job_status_history (id, job_id, new_status, changed_by, old_status, changed_at) VALUES ('2ceca30f-417c-4169-b0a1-893556cd5de2', '0ee6888c-137f-40c8-abee-f43275390d7d', 'ready_for_pickup', 'a1446249-284a-49cc-b254-9dc5bbe75a1a', 'ordered', '2025-10-07 21:33:24.79074+00');
INSERT INTO job_status_history (id, job_id, new_status, changed_by, changed_at) VALUES ('2ec08e87-6f15-4d43-94a8-a8e18f260b2d', 'f0c7b500-dc60-4481-8180-8bed39cf3cb3', 'ordered', 'a1446249-284a-49cc-b254-9dc5bbe75a1a', '2025-10-13 21:43:29.260134+00');
INSERT INTO job_status_history (id, job_id, new_status, changed_by, old_status, changed_at) VALUES ('2ec75cfa-7ee3-4137-8012-d216052332f5', 'a70e63cb-f2e5-40d3-97f6-3ed16b3545b3', 'ready_for_pickup', '0a30693a-baed-4c99-bb81-4d11d2c43dd9', 'ordered', '2025-10-16 22:53:34.777627+00');
INSERT INTO job_status_history (id, job_id, new_status, changed_by, changed_at) VALUES ('2ef5a813-6aae-4aa4-8fb2-cb79245a2894', 'f312d05b-6019-418a-a576-7f6977c457b3', 'ordered', '0a30693a-baed-4c99-bb81-4d11d2c43dd9', '2025-09-25 17:41:39.867941+00');
INSERT INTO job_status_history (id, job_id, new_status, changed_by, old_status, changed_at) VALUES ('2fcb197e-09b8-49e8-9b2a-85b001093c53', 'f312d05b-6019-418a-a576-7f6977c457b3', 'completed', 'a1446249-284a-49cc-b254-9dc5bbe75a1a', 'ordered', '2025-09-25 22:36:14.874564+00');
INSERT INTO job_status_history (id, job_id, new_status, changed_by, changed_at) VALUES ('2fdfd3e2-0a26-4036-8390-2438dbe31803', '1f4a6321-58cb-43e7-9953-dc3e854fbf48', 'job_created', 'a1446249-284a-49cc-b254-9dc5bbe75a1a', '2025-09-25 17:23:25.552404+00');
INSERT INTO job_status_history (id, job_id, new_status, changed_by, old_status, changed_at) VALUES ('30b70f27-108f-42f9-a7c5-0764c10ae21e', 'a68ced64-b9cd-464b-87f2-2f0bb604adba', 'ready_for_pickup', 'a1446249-284a-49cc-b254-9dc5bbe75a1a', 'ordered', '2025-10-18 20:12:30.115823+00');
INSERT INTO job_status_history (id, job_id, new_status, changed_by, old_status, changed_at) VALUES ('30ea812a-630d-4c35-ab1e-f3d738fa37dc', 'd36ea168-5982-45cf-b3ae-72aad2120756', 'ready_for_pickup', '0a30693a-baed-4c99-bb81-4d11d2c43dd9', 'ordered', '2025-10-09 19:24:11.099039+00');
INSERT INTO job_status_history (id, job_id, new_status, changed_by, old_status, changed_at) VALUES ('337a883b-41b5-4ae1-9c6b-9b63f271a54c', '425aa7b4-6495-4745-9192-e6ba0cf7f71d', 'status_1757452359948', '1bd2e7fc-cd53-412d-aa16-9f79d17dc0a8', 'job_created', '2025-09-28 01:53:58.154486+00');
INSERT INTO job_status_history (id, job_id, new_status, changed_by, old_status, changed_at) VALUES ('3387fb84-5fc3-4bca-819e-7d2d5db64297', '0ba265e2-6162-4bb3-b6eb-e2dffc795565', 'ordered', 'a1446249-284a-49cc-b254-9dc5bbe75a1a', 'job_created', '2025-10-13 21:43:47.946473+00');
INSERT INTO job_status_history (id, job_id, new_status, changed_by, old_status, changed_at) VALUES ('350ee0a6-977d-4961-b3cf-c5fff823ee95', '7574d486-c22c-4a97-a27e-7fc4c9857ca4', 'status_1758929953866', '1bd2e7fc-cd53-412d-aa16-9f79d17dc0a8', 'status_1757452359948', '2025-09-27 00:26:51.848734+00');
INSERT INTO job_status_history (id, job_id, new_status, changed_by, changed_at) VALUES ('35fcfb21-6a72-4cc9-abd5-245389d6e0b8', '639619ea-ff15-4e03-a904-7e35a5bdf266', 'ordered', 'a1446249-284a-49cc-b254-9dc5bbe75a1a', '2025-09-26 21:21:49.239639+00');
INSERT INTO job_status_history (id, job_id, new_status, changed_by, old_status, changed_at) VALUES ('3680f27b-2976-4a07-8e76-2ce006c9bad2', '7574d486-c22c-4a97-a27e-7fc4c9857ca4', 'status_1757452359948', '1bd2e7fc-cd53-412d-aa16-9f79d17dc0a8', 'status_1758929953866', '2025-09-27 00:18:33.362293+00');
INSERT INTO job_status_history (id, job_id, new_status, changed_by, changed_at) VALUES ('397e2854-2432-45e7-a6a1-ea3272f70908', '0ba265e2-6162-4bb3-b6eb-e2dffc795565', 'job_created', 'a1446249-284a-49cc-b254-9dc5bbe75a1a', '2025-10-13 21:43:43.427438+00');
INSERT INTO job_status_history (id, job_id, new_status, changed_by, old_status, changed_at) VALUES ('3cb6d634-1ece-4797-b701-23f67a50ea60', '5af1b324-4035-4b68-8e3a-225069aef3ba', 'ready_for_pickup', 'a1446249-284a-49cc-b254-9dc5bbe75a1a', 'ordered', '2025-10-02 17:05:52.626081+00');
INSERT INTO job_status_history (id, job_id, new_status, changed_by, old_status, changed_at) VALUES ('3d6bd30a-3564-46e6-a670-31c0e0214ec2', '5e4b0e1f-04e4-4c3b-beaa-f416d076ffae', 'status_1759026641002', '1bd2e7fc-cd53-412d-aa16-9f79d17dc0a8', 'status_1758929953866', '2025-09-29 00:51:52.841474+00');
INSERT INTO job_status_history (id, job_id, new_status, changed_by, changed_at) VALUES ('3d93233c-4d7d-4ee9-8ab8-0a64a6fbf765', '2c1fc50d-c221-49ae-833d-7fd6a415ff99', 'job_created', 'a1446249-284a-49cc-b254-9dc5bbe75a1a', '2025-10-13 22:29:26.057409+00');
INSERT INTO job_status_history (id, job_id, new_status, changed_by, changed_at) VALUES ('3df4c69a-1502-4198-99ba-3f1546444f4c', 'd354cbb9-bb24-4998-9a84-52a5fd42cf39', 'job_created', '1bd2e7fc-cd53-412d-aa16-9f79d17dc0a8', '2025-09-29 00:53:58.885044+00');
INSERT INTO job_status_history (id, job_id, new_status, changed_by, changed_at) VALUES ('3e91e8ec-3ed4-45a4-8c5c-ac8dcc2dddd5', 'ded8884f-6891-40a3-8956-3580dbff337d', 'ready_for_pickup', 'a1446249-284a-49cc-b254-9dc5bbe75a1a', '2025-09-25 17:57:02.057286+00');
INSERT INTO job_status_history (id, job_id, new_status, changed_by, changed_at) VALUES ('40865e2b-e326-448f-9cbb-04fdfd13c875', '5e4b0e1f-04e4-4c3b-beaa-f416d076ffae', 'job_created', '1bd2e7fc-cd53-412d-aa16-9f79d17dc0a8', '2025-09-26 23:04:25.67481+00');
INSERT INTO job_status_history (id, job_id, new_status, changed_by, changed_at) VALUES ('41fee0fa-f61e-481f-812b-432f7fa673e0', '6737325c-f1e6-4aef-a24e-da0627cdbe3a', 'ordered', '0a30693a-baed-4c99-bb81-4d11d2c43dd9', '2025-10-16 22:51:37.742895+00');
INSERT INTO job_status_history (id, job_id, new_status, changed_by, old_status, changed_at) VALUES ('44a5452d-ce06-4bf5-8bb0-941602e69b38', '97052081-df0e-43b0-94dd-8d3479ebad12', 'ordered', 'a1446249-284a-49cc-b254-9dc5bbe75a1a', 'job_created', '2025-10-15 00:40:41.431529+00');
INSERT INTO job_status_history (id, job_id, new_status, changed_by, old_status, changed_at) VALUES ('44d07d4a-054b-4bd3-a628-680d35f1f2f2', '7574d486-c22c-4a97-a27e-7fc4c9857ca4', 'status_1757452359948', '1bd2e7fc-cd53-412d-aa16-9f79d17dc0a8', 'status_1758929953866', '2025-09-27 00:26:49.59367+00');
INSERT INTO job_status_history (id, job_id, new_status, changed_by, old_status, changed_at) VALUES ('457c73da-d55f-4523-9827-2c4c3b919150', '551f9fce-620b-4f05-9221-2607aba3ceea', 'ordered', 'a1446249-284a-49cc-b254-9dc5bbe75a1a', 'job_created', '2025-10-09 23:21:04.099594+00');
INSERT INTO job_status_history (id, job_id, new_status, changed_by, old_status, changed_at) VALUES ('460fcfd3-197a-4e00-abd7-4e8353daf88a', '1f4a6321-58cb-43e7-9953-dc3e854fbf48', 'ready_for_pickup', '0a30693a-baed-4c99-bb81-4d11d2c43dd9', 'ordered', '2025-09-30 01:27:58.68806+00');
INSERT INTO job_status_history (id, job_id, new_status, changed_by, changed_at) VALUES ('4d950633-9025-4ba5-8a56-83556c2ed717', '4ee9d75b-28a3-4ee3-b97a-2bf70102ce0f', 'ordered', 'a1446249-284a-49cc-b254-9dc5bbe75a1a', '2025-09-25 20:52:56.681914+00');
INSERT INTO job_status_history (id, job_id, new_status, changed_by, old_status, changed_at) VALUES ('4dbec7bd-005b-4a74-8c88-6eb2872ba6c3', 'e158d4d3-f976-4b3a-b1bd-c5231f555fea', 'ready_for_pickup', '0a30693a-baed-4c99-bb81-4d11d2c43dd9', 'ordered', '2025-10-16 22:53:44.442253+00');
INSERT INTO job_status_history (id, job_id, new_status, changed_by, old_status, changed_at) VALUES ('4f30c605-5a1c-42a3-b18e-1a745f7c63c8', '5af1b324-4035-4b68-8e3a-225069aef3ba', 'ordered', 'a1446249-284a-49cc-b254-9dc5bbe75a1a', 'job_created', '2025-09-30 17:05:34.469469+00');
INSERT INTO job_status_history (id, job_id, new_status, changed_by, changed_at) VALUES ('4f91ce09-3e3a-4237-b424-a5d622c98c81', 'e158d4d3-f976-4b3a-b1bd-c5231f555fea', 'ordered', 'a1446249-284a-49cc-b254-9dc5bbe75a1a', '2025-09-30 20:28:26.133827+00');
INSERT INTO job_status_history (id, job_id, new_status, changed_by, old_status, changed_at) VALUES ('50cf21c0-2c8d-40d4-a79e-ba98c83479bb', '5e4b0e1f-04e4-4c3b-beaa-f416d076ffae', 'status_1759026641002', '1bd2e7fc-cd53-412d-aa16-9f79d17dc0a8', 'status_1758929953866', '2025-09-29 00:51:52.841474+00');
INSERT INTO job_status_history (id, job_id, new_status, changed_by, changed_at) VALUES ('568f1fc4-42cd-4993-a28d-be9f25437a49', '92d1eff1-d7ad-487e-8858-81efd92ea853', 'ready_for_pickup', 'a1446249-284a-49cc-b254-9dc5bbe75a1a', '2025-09-25 17:52:11.943128+00');
INSERT INTO job_status_history (id, job_id, new_status, changed_by, old_status, changed_at) VALUES ('5775455b-9951-428e-9f1f-77963f5561c7', '5e4b0e1f-04e4-4c3b-beaa-f416d076ffae', 'status_1758929953866', '1bd2e7fc-cd53-412d-aa16-9f79d17dc0a8', 'status_1757452359948', '2025-09-27 00:27:37.778872+00');
INSERT INTO job_status_history (id, job_id, new_status, changed_by, old_status, changed_at) VALUES ('5a06acd3-ea08-4195-914c-f0f53d3358c4', '1efc2b4c-f910-4a82-97f5-f3a25d2b0877', 'ordered', 'a1446249-284a-49cc-b254-9dc5bbe75a1a', 'job_created', '2025-09-29 22:07:23.797513+00');
INSERT INTO job_status_history (id, job_id, new_status, changed_by, old_status, changed_at) VALUES ('5c9237b5-8ed7-41d3-a729-bbc24f1b6236', '7574d486-c22c-4a97-a27e-7fc4c9857ca4', 'quality_check', '1bd2e7fc-cd53-412d-aa16-9f79d17dc0a8', 'status_1757452359948', '2025-09-27 00:18:34.825508+00');
INSERT INTO job_status_history (id, job_id, new_status, changed_by, changed_at) VALUES ('5d66a90e-4a6b-4091-a1b0-77d919decd93', '1756db4a-98de-4f4a-b597-2a44192a9546', 'ready_for_pickup', 'a1446249-284a-49cc-b254-9dc5bbe75a1a', '2025-09-25 17:53:56.619522+00');
INSERT INTO job_status_history (id, job_id, new_status, changed_by, old_status, changed_at) VALUES ('611f7f7c-206a-4322-b16a-0946c34e0f82', 'ff394d74-4d70-42b3-aa7f-2d905461c498', 'ready_for_pickup', 'a1446249-284a-49cc-b254-9dc5bbe75a1a', 'ordered', '2025-10-07 22:12:02.023085+00');
INSERT INTO job_status_history (id, job_id, new_status, changed_by, old_status, changed_at) VALUES ('624dda63-5b5b-4449-91b6-835a6f478b77', '5e4b0e1f-04e4-4c3b-beaa-f416d076ffae', 'ordered', '1bd2e7fc-cd53-412d-aa16-9f79d17dc0a8', 'job_created', '2025-09-27 00:27:33.208635+00');
INSERT INTO job_status_history (id, job_id, new_status, changed_by, old_status, changed_at) VALUES ('6487da40-ae00-4c88-bc47-99f9f932b67b', '7574d486-c22c-4a97-a27e-7fc4c9857ca4', 'status_1758929953866', '1bd2e7fc-cd53-412d-aa16-9f79d17dc0a8', 'ready_for_pickup', '2025-09-27 00:18:31.634628+00');
INSERT INTO job_status_history (id, job_id, new_status, changed_by, old_status, changed_at) VALUES ('64c56b72-cb71-44df-a804-80c110425df7', '7574d486-c22c-4a97-a27e-7fc4c9857ca4', 'status_1758929953866', '1bd2e7fc-cd53-412d-aa16-9f79d17dc0a8', 'job_created', '2025-09-27 00:18:37.347679+00');
INSERT INTO job_status_history (id, job_id, new_status, changed_by, old_status, changed_at) VALUES ('6662b12b-9bcd-44da-a024-b58d203b81a2', 'd36ea168-5982-45cf-b3ae-72aad2120756', 'ready_for_pickup', '0a30693a-baed-4c99-bb81-4d11d2c43dd9', 'ordered', '2025-10-09 19:24:11.099039+00');
INSERT INTO job_status_history (id, job_id, new_status, changed_by, old_status, changed_at) VALUES ('678d41a4-db15-4555-b982-b8296b802f59', '5e4b0e1f-04e4-4c3b-beaa-f416d076ffae', 'ordered', '1bd2e7fc-cd53-412d-aa16-9f79d17dc0a8', 'job_created', '2025-09-27 00:27:33.208635+00');
INSERT INTO job_status_history (id, job_id, new_status, changed_by, old_status, changed_at) VALUES ('680d4791-0ec3-4342-a7a9-e3de6b7176dd', '0ba265e2-6162-4bb3-b6eb-e2dffc795565', 'ready_for_pickup', 'a1446249-284a-49cc-b254-9dc5bbe75a1a', 'ordered', '2025-10-18 18:23:43.379083+00');
INSERT INTO job_status_history (id, job_id, new_status, changed_by, old_status, changed_at) VALUES ('6ad72956-201a-4fbe-a636-de4ee2235ec8', '0ba265e2-6162-4bb3-b6eb-e2dffc795565', 'ordered', 'a1446249-284a-49cc-b254-9dc5bbe75a1a', 'job_created', '2025-10-13 21:43:47.946473+00');
INSERT INTO job_status_history (id, job_id, new_status, changed_by, old_status, changed_at) VALUES ('6d2f7696-48f5-47f6-8c85-9137d7bc2960', '639619ea-ff15-4e03-a904-7e35a5bdf266', 'ready_for_pickup', 'a1446249-284a-49cc-b254-9dc5bbe75a1a', 'ordered', '2025-10-07 21:31:32.633963+00');
INSERT INTO job_status_history (id, job_id, new_status, changed_by, old_status, changed_at) VALUES ('6d64885b-8354-46fc-a64c-a293fe8dea0a', '7574d486-c22c-4a97-a27e-7fc4c9857ca4', 'job_created', '1bd2e7fc-cd53-412d-aa16-9f79d17dc0a8', 'quality_check', '2025-09-27 00:18:36.095539+00');
INSERT INTO job_status_history (id, job_id, new_status, changed_by, old_status, changed_at) VALUES ('6dc50566-c989-4507-8f8c-f45d8e00e79d', '0ba265e2-6162-4bb3-b6eb-e2dffc795565', 'ordered', 'a1446249-284a-49cc-b254-9dc5bbe75a1a', 'job_created', '2025-10-13 21:43:47.946473+00');
INSERT INTO job_status_history (id, job_id, new_status, changed_by, old_status, changed_at) VALUES ('6e892b5c-6d0a-46f4-964e-5f45742680c0', '425aa7b4-6495-4745-9192-e6ba0cf7f71d', 'quality_check', '1bd2e7fc-cd53-412d-aa16-9f79d17dc0a8', 'ordered', '2025-09-28 01:54:05.418358+00');
INSERT INTO job_status_history (id, job_id, new_status, changed_by, old_status, changed_at) VALUES ('6f2c2d4e-4950-4483-8a8f-2576b3209bc7', '425aa7b4-6495-4745-9192-e6ba0cf7f71d', 'status_1757452359948', '1bd2e7fc-cd53-412d-aa16-9f79d17dc0a8', 'job_created', '2025-09-28 01:53:58.154486+00');
INSERT INTO job_status_history (id, job_id, new_status, changed_by, old_status, changed_at) VALUES ('71d147f7-0c1e-40d8-87cc-e3bf944952c2', 'e69d1d5e-00a2-4459-a047-7782157cdb49', 'ordered', '0a30693a-baed-4c99-bb81-4d11d2c43dd9', 'job_created', '2025-10-16 22:51:01.592066+00');
INSERT INTO job_status_history (id, job_id, new_status, changed_by, old_status, changed_at) VALUES ('724e3797-6f26-41ea-8d18-76af012c90fd', '5e4b0e1f-04e4-4c3b-beaa-f416d076ffae', 'status_1757452359948', '1bd2e7fc-cd53-412d-aa16-9f79d17dc0a8', 'ready_for_pickup', '2025-09-27 00:27:36.177307+00');
INSERT INTO job_status_history (id, job_id, new_status, changed_by, changed_at) VALUES ('72764f3b-d3e2-45b9-955e-6ade14324216', 'e63da2bc-c53f-4bd9-b918-b4818c6163ad', 'ready_for_pickup', '0a30693a-baed-4c99-bb81-4d11d2c43dd9', '2025-10-17 00:44:39.897248+00');
INSERT INTO job_status_history (id, job_id, new_status, changed_by, old_status, changed_at) VALUES ('72e1f4fd-85cd-471e-87f8-5baf70a6ed5c', 'a70e63cb-f2e5-40d3-97f6-3ed16b3545b3', 'ready_for_pickup', '0a30693a-baed-4c99-bb81-4d11d2c43dd9', 'ordered', '2025-10-16 22:53:34.777627+00');
INSERT INTO job_status_history (id, job_id, new_status, changed_by, changed_at) VALUES ('73a1600f-0c71-415b-94a4-26331f4b6884', '700a1c32-aaaf-49fc-b6b3-a8a21623a38c', 'status_1758832364028', 'a1446249-284a-49cc-b254-9dc5bbe75a1a', '2025-10-08 21:34:11.323031+00');
INSERT INTO job_status_history (id, job_id, new_status, changed_by, changed_at) VALUES ('7439fd27-34ac-45e2-a50f-1ef7445de391', '4c43520b-f839-4fb6-8ff5-17e59fa29197', 'ordered', 'a1446249-284a-49cc-b254-9dc5bbe75a1a', '2025-10-16 23:14:17.127755+00');
INSERT INTO job_status_history (id, job_id, new_status, changed_by, old_status, changed_at) VALUES ('749f0201-92e3-47cf-8568-33c5bc1442b1', '425aa7b4-6495-4745-9192-e6ba0cf7f71d', 'status_1759026641002', '1bd2e7fc-cd53-412d-aa16-9f79d17dc0a8', 'quality_check', '2025-09-28 02:31:15.017529+00');
INSERT INTO job_status_history (id, job_id, new_status, changed_by, old_status, changed_at) VALUES ('74f94620-5237-4487-b72f-f33f61052f8a', '3d48e282-b66e-46e2-a988-7479025465b1', 'ready_for_pickup', 'a1446249-284a-49cc-b254-9dc5bbe75a1a', 'ordered', '2025-10-07 21:33:27.490424+00');
INSERT INTO job_status_history (id, job_id, new_status, changed_by, old_status, changed_at) VALUES ('7554d8d6-5985-4bb9-b96a-96455d6628d2', '5e4b0e1f-04e4-4c3b-beaa-f416d076ffae', 'ready_for_pickup', '1bd2e7fc-cd53-412d-aa16-9f79d17dc0a8', 'ordered', '2025-09-27 00:27:34.307369+00');
INSERT INTO job_status_history (id, job_id, new_status, changed_by, changed_at) VALUES ('76afcabf-b138-45d9-9c82-f6b4e0b92eeb', '0ee6888c-137f-40c8-abee-f43275390d7d', 'ordered', 'a1446249-284a-49cc-b254-9dc5bbe75a1a', '2025-09-26 21:23:25.802678+00');
INSERT INTO job_status_history (id, job_id, new_status, changed_by, changed_at) VALUES ('7751b18b-720c-42ac-8b0b-0262c410e934', '13030995-e7eb-4a34-b8b1-d977cfaf79ca', 'ready_for_pickup', 'a1446249-284a-49cc-b254-9dc5bbe75a1a', '2025-09-25 17:44:59.432943+00');
INSERT INTO job_status_history (id, job_id, new_status, changed_by, changed_at) VALUES ('77974182-59fc-4cc4-b4b2-d9bb09f012e9', '425aa7b4-6495-4745-9192-e6ba0cf7f71d', 'job_created', '1bd2e7fc-cd53-412d-aa16-9f79d17dc0a8', '2025-09-27 05:38:06.853251+00');
INSERT INTO job_status_history (id, job_id, new_status, changed_by, old_status, changed_at) VALUES ('7801b38d-cb85-4446-a6b2-5ca35320b2a9', '0ba265e2-6162-4bb3-b6eb-e2dffc795565', 'ready_for_pickup', 'a1446249-284a-49cc-b254-9dc5bbe75a1a', 'ordered', '2025-10-18 18:23:43.379083+00');
INSERT INTO job_status_history (id, job_id, new_status, changed_by, old_status, changed_at) VALUES ('7c94fa0f-e5e1-49e9-bcba-b708b8c282cd', 'f312d05b-6019-418a-a576-7f6977c457b3', 'ready_for_pickup', 'a1446249-284a-49cc-b254-9dc5bbe75a1a', 'completed', '2025-09-25 22:40:47.118089+00');
INSERT INTO job_status_history (id, job_id, new_status, changed_by, old_status, changed_at) VALUES ('7d70a02b-87ab-4b3f-b59f-21e731cffa26', 'e69d1d5e-00a2-4459-a047-7782157cdb49', 'ordered', '0a30693a-baed-4c99-bb81-4d11d2c43dd9', 'job_created', '2025-10-16 22:51:01.592066+00');
INSERT INTO job_status_history (id, job_id, new_status, changed_by, changed_at) VALUES ('7e6d9056-f9b9-4a64-97d7-28f43273af08', 'e4880ec8-9ea7-49ba-9cb8-144bf624aafa', 'ordered', 'a1446249-284a-49cc-b254-9dc5bbe75a1a', '2025-09-25 17:42:12.635161+00');
INSERT INTO job_status_history (id, job_id, new_status, changed_by, old_status, changed_at) VALUES ('8197a75a-0885-4ea7-95bc-77b9ef529a2a', '7574d486-c22c-4a97-a27e-7fc4c9857ca4', 'quality_check', '1bd2e7fc-cd53-412d-aa16-9f79d17dc0a8', 'status_1757452359948', '2025-09-27 00:18:34.825508+00');
INSERT INTO job_status_history (id, job_id, new_status, changed_by, old_status, changed_at) VALUES ('81aad38d-2832-4332-8781-926e15608fc5', '7574d486-c22c-4a97-a27e-7fc4c9857ca4', 'job_created', '1bd2e7fc-cd53-412d-aa16-9f79d17dc0a8', 'quality_check', '2025-09-27 00:18:36.095539+00');
INSERT INTO job_status_history (id, job_id, new_status, changed_by, changed_at) VALUES ('81c7fa3a-83fb-4f34-8f4a-ecb8c309fca0', '88970ce2-9745-4db5-8963-0c2e68865428', 'ordered', 'a1446249-284a-49cc-b254-9dc5bbe75a1a', '2025-10-16 23:15:48.910242+00');
INSERT INTO job_status_history (id, job_id, new_status, changed_by, old_status, changed_at) VALUES ('83311188-4fb4-4422-9a7d-0a414517f14e', '425aa7b4-6495-4745-9192-e6ba0cf7f71d', 'status_1758929953866', '1bd2e7fc-cd53-412d-aa16-9f79d17dc0a8', 'status_1757452359948', '2025-09-28 01:54:00.870883+00');
INSERT INTO job_status_history (id, job_id, new_status, changed_by, changed_at) VALUES ('87704e43-18a4-485a-ab8d-cb6b9de9b5c9', '909acc1f-f781-408f-b93d-7d47f24970c6', 'job_created', 'a1446249-284a-49cc-b254-9dc5bbe75a1a', '2025-10-18 18:07:55.735882+00');
INSERT INTO job_status_history (id, job_id, new_status, changed_by, old_status, changed_at) VALUES ('8a79751c-c7a6-4266-8d97-301b1a59a349', '0dae6150-9bcc-442a-826f-6a4d67960030', 'ordered', 'a1446249-284a-49cc-b254-9dc5bbe75a1a', 'job_created', '2025-10-02 18:53:20.152995+00');
INSERT INTO job_status_history (id, job_id, new_status, changed_by, old_status, changed_at) VALUES ('8abb3287-6a00-4ada-8e2a-7674113b7467', 'e4880ec8-9ea7-49ba-9cb8-144bf624aafa', 'ready_for_pickup', 'a1446249-284a-49cc-b254-9dc5bbe75a1a', 'ordered', '2025-09-30 21:50:11.820345+00');
INSERT INTO job_status_history (id, job_id, new_status, changed_by, changed_at) VALUES ('8cbadcc9-530e-4baf-9cf8-bfd100c48088', '551f9fce-620b-4f05-9221-2607aba3ceea', 'job_created', 'a1446249-284a-49cc-b254-9dc5bbe75a1a', '2025-10-07 23:20:03.756739+00');
INSERT INTO job_status_history (id, job_id, new_status, changed_by, old_status, changed_at) VALUES ('8d57e5e4-5535-406d-b878-f5fe73e827ff', 'a70e63cb-f2e5-40d3-97f6-3ed16b3545b3', 'ready_for_pickup', '0a30693a-baed-4c99-bb81-4d11d2c43dd9', 'ordered', '2025-10-16 22:53:34.777627+00');
INSERT INTO job_status_history (id, job_id, new_status, changed_by, old_status, changed_at) VALUES ('91785979-7bf6-47b6-bd18-5b3ab278f06b', 'a70e63cb-f2e5-40d3-97f6-3ed16b3545b3', 'ordered', '0a30693a-baed-4c99-bb81-4d11d2c43dd9', 'job_created', '2025-09-30 01:27:11.005525+00');
INSERT INTO job_status_history (id, job_id, new_status, changed_by, changed_at) VALUES ('91c13a5e-6e32-4e37-8302-0ecd41994e21', '8a6536db-9a36-4120-9231-f6a4c019f793', 'ready_for_pickup', 'a1446249-284a-49cc-b254-9dc5bbe75a1a', '2025-09-25 17:47:55.445838+00');
INSERT INTO job_status_history (id, job_id, new_status, changed_by, changed_at) VALUES ('929fb0f6-54fc-4307-8a46-7d8a90df229f', 'fc1e743d-5d15-4289-8bd3-0900bae728aa', 'ordered', 'a1446249-284a-49cc-b254-9dc5bbe75a1a', '2025-10-16 23:15:24.143789+00');
INSERT INTO job_status_history (id, job_id, new_status, changed_by, changed_at) VALUES ('94e7e3fb-b9e4-4cdc-bbd6-fb55190d6716', '8a198b79-c3a7-47f4-b5fc-d220abbef4fa', 'ordered', 'a1446249-284a-49cc-b254-9dc5bbe75a1a', '2025-10-14 19:33:14.696532+00');
INSERT INTO job_status_history (id, job_id, new_status, changed_by, old_status, changed_at) VALUES ('94fb4c9d-a5e9-4d85-8846-6af829dc50ee', '279a528b-addd-46a8-96cf-8178f7fc448d', 'ready_for_pickup', 'a1446249-284a-49cc-b254-9dc5bbe75a1a', 'ordered', '2025-10-07 21:30:42.633587+00');
INSERT INTO job_status_history (id, job_id, new_status, changed_by, changed_at) VALUES ('960b26a2-101a-4e58-9f78-720f5f157154', '91d2658b-5a4e-47c8-8f0a-182bf640cfd2', 'ordered', 'a1446249-284a-49cc-b254-9dc5bbe75a1a', '2025-10-14 21:34:23.944333+00');
INSERT INTO job_status_history (id, job_id, new_status, changed_by, old_status, changed_at) VALUES ('967a1701-e4ed-4328-b6e1-8959eee2cc1b', '0ee6888c-137f-40c8-abee-f43275390d7d', 'ready_for_pickup', 'a1446249-284a-49cc-b254-9dc5bbe75a1a', 'ordered', '2025-10-07 21:33:24.79074+00');
INSERT INTO job_status_history (id, job_id, new_status, changed_by, old_status, changed_at) VALUES ('9b881a11-9564-402a-9b3b-8808af96805f', '5af1b324-4035-4b68-8e3a-225069aef3ba', 'ordered', 'a1446249-284a-49cc-b254-9dc5bbe75a1a', 'job_created', '2025-09-30 17:05:34.469469+00');
INSERT INTO job_status_history (id, job_id, new_status, changed_by, old_status, changed_at) VALUES ('9b944ec5-7d5b-4bcb-b952-7bb87067b0be', 'ff394d74-4d70-42b3-aa7f-2d905461c498', 'ready_for_pickup', 'a1446249-284a-49cc-b254-9dc5bbe75a1a', 'ordered', '2025-10-07 22:12:02.023085+00');
INSERT INTO job_status_history (id, job_id, new_status, changed_by, old_status, changed_at) VALUES ('9f2b95e9-56c9-4f8d-826c-693943846de4', '97052081-df0e-43b0-94dd-8d3479ebad12', 'ordered', 'a1446249-284a-49cc-b254-9dc5bbe75a1a', 'job_created', '2025-10-15 00:40:41.431529+00');
INSERT INTO job_status_history (id, job_id, new_status, changed_by, old_status, changed_at) VALUES ('9f477c19-ae84-47e9-ae3b-684eba79e4da', 'e4880ec8-9ea7-49ba-9cb8-144bf624aafa', 'ready_for_pickup', 'a1446249-284a-49cc-b254-9dc5bbe75a1a', 'ordered', '2025-09-30 21:50:11.820345+00');
INSERT INTO job_status_history (id, job_id, new_status, changed_by, old_status, changed_at) VALUES ('9fdde353-af47-487d-a554-278313a034bf', 'fbc39a50-e2a7-47f5-a8bf-74af7f80f77b', 'ready_for_pickup', 'a1446249-284a-49cc-b254-9dc5bbe75a1a', 'ordered', '2025-09-26 22:45:19.186562+00');
INSERT INTO job_status_history (id, job_id, new_status, changed_by, old_status, changed_at) VALUES ('a59f9b69-f4d6-4767-8c58-51cae9e83d28', 'f0c7b500-dc60-4481-8180-8bed39cf3cb3', 'ready_for_pickup', 'a1446249-284a-49cc-b254-9dc5bbe75a1a', 'ordered', '2025-10-18 18:23:45.215479+00');
INSERT INTO job_status_history (id, job_id, new_status, changed_by, changed_at) VALUES ('a907cff9-50de-4825-932b-49bf4f85e4fa', '97052081-df0e-43b0-94dd-8d3479ebad12', 'job_created', 'a1446249-284a-49cc-b254-9dc5bbe75a1a', '2025-10-14 21:01:37.836371+00');
INSERT INTO job_status_history (id, job_id, new_status, changed_by, old_status, changed_at) VALUES ('a9341d1a-cce2-41d0-bd7f-7065c995c702', '551f9fce-620b-4f05-9221-2607aba3ceea', 'ordered', 'a1446249-284a-49cc-b254-9dc5bbe75a1a', 'job_created', '2025-10-09 23:21:04.099594+00');
INSERT INTO job_status_history (id, job_id, new_status, changed_by, changed_at) VALUES ('aaec4241-85a3-483f-bddd-6870a73f7207', 'b86e722c-1594-4ed9-972e-ff16ba8e950c', 'ready_for_pickup', 'a1446249-284a-49cc-b254-9dc5bbe75a1a', '2025-09-25 17:46:40.687534+00');
INSERT INTO job_status_history (id, job_id, new_status, changed_by, old_status, changed_at) VALUES ('ab4533f9-6988-4aaf-b3c7-3bd080798a8d', 'e69d1d5e-00a2-4459-a047-7782157cdb49', 'ordered', '0a30693a-baed-4c99-bb81-4d11d2c43dd9', 'job_created', '2025-10-16 22:51:01.592066+00');
INSERT INTO job_status_history (id, job_id, new_status, changed_by, old_status, changed_at) VALUES ('acd0e7d2-70fd-4af0-b8c0-d779935a2576', '639619ea-ff15-4e03-a904-7e35a5bdf266', 'ready_for_pickup', 'a1446249-284a-49cc-b254-9dc5bbe75a1a', 'ordered', '2025-10-07 21:31:32.633963+00');
INSERT INTO job_status_history (id, job_id, new_status, changed_by, changed_at) VALUES ('ad8b6344-1ab2-45d3-9c1d-7315ff54e0ca', 'a70e63cb-f2e5-40d3-97f6-3ed16b3545b3', 'job_created', 'a1446249-284a-49cc-b254-9dc5bbe75a1a', '2025-09-27 23:07:21.698414+00');
INSERT INTO job_status_history (id, job_id, new_status, changed_by, old_status, changed_at) VALUES ('ae395413-8c69-459d-8609-2f0e8b8ec145', '7574d486-c22c-4a97-a27e-7fc4c9857ca4', 'status_1758929953866', '1bd2e7fc-cd53-412d-aa16-9f79d17dc0a8', 'job_created', '2025-09-27 00:18:37.347679+00');
INSERT INTO job_status_history (id, job_id, new_status, changed_by, old_status, changed_at) VALUES ('af4c9165-b481-45ac-a43a-23dfabcb6086', '551f9fce-620b-4f05-9221-2607aba3ceea', 'ordered', 'a1446249-284a-49cc-b254-9dc5bbe75a1a', 'job_created', '2025-10-09 23:21:04.099594+00');
INSERT INTO job_status_history (id, job_id, new_status, changed_by, changed_at) VALUES ('af788f58-c953-4dba-af5c-0686d1005d0a', 'd967dec9-c288-4d4d-a642-093ad91b9da3', 'ordered', 'a1446249-284a-49cc-b254-9dc5bbe75a1a', '2025-10-04 00:22:53.108997+00');
INSERT INTO job_status_history (id, job_id, new_status, changed_by, old_status, changed_at) VALUES ('b1477439-d713-4393-9aef-f88ceba004ff', '0ba265e2-6162-4bb3-b6eb-e2dffc795565', 'ready_for_pickup', 'a1446249-284a-49cc-b254-9dc5bbe75a1a', 'ordered', '2025-10-18 18:23:43.379083+00');
INSERT INTO job_status_history (id, job_id, new_status, changed_by, old_status, changed_at) VALUES ('b2a5e881-4e56-40a1-96d0-83304fff746c', '425aa7b4-6495-4745-9192-e6ba0cf7f71d', 'ordered', '1bd2e7fc-cd53-412d-aa16-9f79d17dc0a8', 'status_1758929953866', '2025-09-28 01:54:03.24087+00');
INSERT INTO job_status_history (id, job_id, new_status, changed_by, old_status, changed_at) VALUES ('b40c0ae0-7e71-47be-9ab5-3e4c00d63312', '279a528b-addd-46a8-96cf-8178f7fc448d', 'ready_for_pickup', 'a1446249-284a-49cc-b254-9dc5bbe75a1a', 'ordered', '2025-10-07 21:30:42.633587+00');
INSERT INTO job_status_history (id, job_id, new_status, changed_by, old_status, changed_at) VALUES ('b5d46723-e701-4788-aaec-3bb0d915fc52', 'a70e63cb-f2e5-40d3-97f6-3ed16b3545b3', 'ordered', '0a30693a-baed-4c99-bb81-4d11d2c43dd9', 'job_created', '2025-09-30 01:27:11.005525+00');
INSERT INTO job_status_history (id, job_id, new_status, changed_by, changed_at) VALUES ('b6f3db81-1dd9-4c42-afe5-8d17e9bd0d9d', '93f0cf4e-3acd-4991-b4eb-470adcc875d3', 'ready_for_pickup', 'a1446249-284a-49cc-b254-9dc5bbe75a1a', '2025-09-25 18:03:33.739531+00');
INSERT INTO job_status_history (id, job_id, new_status, changed_by, changed_at) VALUES ('b82220c3-31b9-45dd-a3c8-4aa10093eb66', '1efc2b4c-f910-4a82-97f5-f3a25d2b0877', 'job_created', 'a1446249-284a-49cc-b254-9dc5bbe75a1a', '2025-09-29 22:07:18.682658+00');
INSERT INTO job_status_history (id, job_id, new_status, changed_by, changed_at) VALUES ('b8750837-ff74-40f0-9d3f-dd9404479f81', 'e69d1d5e-00a2-4459-a047-7782157cdb49', 'job_created', '0a30693a-baed-4c99-bb81-4d11d2c43dd9', '2025-10-16 22:50:55.783907+00');
INSERT INTO job_status_history (id, job_id, new_status, changed_by, old_status, changed_at) VALUES ('bad3aa11-6c99-464a-bb58-c608ec328e34', 'a68ced64-b9cd-464b-87f2-2f0bb604adba', 'ready_for_pickup', 'a1446249-284a-49cc-b254-9dc5bbe75a1a', 'ordered', '2025-10-18 20:12:30.115823+00');
INSERT INTO job_status_history (id, job_id, new_status, changed_by, old_status, changed_at) VALUES ('bcff4b24-e73d-41e3-9f2c-fa412919842c', '1f4a6321-58cb-43e7-9953-dc3e854fbf48', 'ordered', 'a1446249-284a-49cc-b254-9dc5bbe75a1a', 'job_created', '2025-09-25 17:27:26.886698+00');
INSERT INTO job_status_history (id, job_id, new_status, changed_by, old_status, changed_at) VALUES ('bd839c64-d3ac-4d5e-ba1e-224631c959c1', '1efc2b4c-f910-4a82-97f5-f3a25d2b0877', 'ordered', 'a1446249-284a-49cc-b254-9dc5bbe75a1a', 'job_created', '2025-09-29 22:07:23.797513+00');
INSERT INTO job_status_history (id, job_id, new_status, changed_by, old_status, changed_at) VALUES ('be682594-abc0-43a6-bbe3-43b5230dc0da', '7574d486-c22c-4a97-a27e-7fc4c9857ca4', 'status_1758929953866', '1bd2e7fc-cd53-412d-aa16-9f79d17dc0a8', 'ready_for_pickup', '2025-09-27 00:18:31.634628+00');
INSERT INTO job_status_history (id, job_id, new_status, changed_by, changed_at) VALUES ('c42beb1e-4b10-49eb-b7f4-a51559cd0aac', '84dc63b0-8e5d-49c2-8c9c-b51a63bfe8e0', 'ordered', 'a1446249-284a-49cc-b254-9dc5bbe75a1a', '2025-10-16 23:14:02.347242+00');
INSERT INTO job_status_history (id, job_id, new_status, changed_by, old_status, changed_at) VALUES ('c482f529-32e6-490e-ba26-bd9342f76d23', 'c5ec76eb-2d9d-4110-9cd4-18d85fee2c4c', 'ready_for_pickup', '0a30693a-baed-4c99-bb81-4d11d2c43dd9', 'ordered', '2025-10-02 21:15:08.44084+00');
INSERT INTO job_status_history (id, job_id, new_status, changed_by, changed_at) VALUES ('c4c6bb7a-6bd1-47c9-a162-81ffa7685f16', 'e0463789-0003-4f05-a8c1-6dfc79b4c945', 'ready_for_pickup', 'a1446249-284a-49cc-b254-9dc5bbe75a1a', '2025-10-02 19:33:14.583673+00');
INSERT INTO job_status_history (id, job_id, new_status, changed_by, changed_at) VALUES ('c527a20c-4646-4c96-a3c0-ec67b2de9166', '5bbc1455-5abd-4439-a9ea-28a6750c3000', 'job_created', '0a30693a-baed-4c99-bb81-4d11d2c43dd9', '2025-10-17 00:41:47.417083+00');
INSERT INTO job_status_history (id, job_id, new_status, changed_by, old_status, changed_at) VALUES ('c7c39492-682c-446c-a8d8-fdae75685a36', 'e69d1d5e-00a2-4459-a047-7782157cdb49', 'ordered', '0a30693a-baed-4c99-bb81-4d11d2c43dd9', 'job_created', '2025-10-16 22:51:01.592066+00');
INSERT INTO job_status_history (id, job_id, new_status, changed_by, changed_at) VALUES ('c8c5b11c-1867-4fd3-be41-40365d4471ad', '279a528b-addd-46a8-96cf-8178f7fc448d', 'ordered', 'a1446249-284a-49cc-b254-9dc5bbe75a1a', '2025-09-29 23:19:25.297884+00');
INSERT INTO job_status_history (id, job_id, new_status, changed_by, old_status, changed_at) VALUES ('cd0a0f59-df03-4543-ac5d-23abfeb7a85d', '551f9fce-620b-4f05-9221-2607aba3ceea', 'ordered', 'a1446249-284a-49cc-b254-9dc5bbe75a1a', 'job_created', '2025-10-09 23:21:04.099594+00');
INSERT INTO job_status_history (id, job_id, new_status, changed_by, old_status, changed_at) VALUES ('cef1897b-f11c-4f2d-9dc6-fce128400a24', '5e4b0e1f-04e4-4c3b-beaa-f416d076ffae', 'ready_for_pickup', '1bd2e7fc-cd53-412d-aa16-9f79d17dc0a8', 'ordered', '2025-09-27 00:27:34.307369+00');
INSERT INTO job_status_history (id, job_id, new_status, changed_by, old_status, changed_at) VALUES ('d06f180a-4825-4d80-a9c8-2ee03a506876', '1f4a6321-58cb-43e7-9953-dc3e854fbf48', 'ready_for_pickup', '0a30693a-baed-4c99-bb81-4d11d2c43dd9', 'ordered', '2025-09-30 01:27:58.68806+00');
INSERT INTO job_status_history (id, job_id, new_status, changed_by, old_status, changed_at) VALUES ('d117474e-476e-4dcc-9f95-b95833521b52', '0ba265e2-6162-4bb3-b6eb-e2dffc795565', 'ordered', 'a1446249-284a-49cc-b254-9dc5bbe75a1a', 'job_created', '2025-10-13 21:43:47.946473+00');
INSERT INTO job_status_history (id, job_id, new_status, changed_by, old_status, changed_at) VALUES ('d14c9a67-d0f6-4114-bed9-37808f6de6c9', '0dae6150-9bcc-442a-826f-6a4d67960030', 'ordered', 'a1446249-284a-49cc-b254-9dc5bbe75a1a', 'job_created', '2025-10-02 18:53:20.152995+00');
INSERT INTO job_status_history (id, job_id, new_status, changed_by, old_status, changed_at) VALUES ('d1a70d36-7784-47e4-bfe6-fe2106b520d8', '7574d486-c22c-4a97-a27e-7fc4c9857ca4', 'status_1757452359948', '1bd2e7fc-cd53-412d-aa16-9f79d17dc0a8', 'status_1758929953866', '2025-09-27 00:26:49.59367+00');
INSERT INTO job_status_history (id, job_id, new_status, changed_by, old_status, changed_at) VALUES ('d8b1036a-6287-420b-885a-4b8850760233', '425aa7b4-6495-4745-9192-e6ba0cf7f71d', 'ordered', '1bd2e7fc-cd53-412d-aa16-9f79d17dc0a8', 'status_1758929953866', '2025-09-28 01:54:03.24087+00');
INSERT INTO job_status_history (id, job_id, new_status, changed_by, old_status, changed_at) VALUES ('d8c75187-17b0-4b90-8d86-9e6f5535f066', '1f4a6321-58cb-43e7-9953-dc3e854fbf48', 'ordered', 'a1446249-284a-49cc-b254-9dc5bbe75a1a', 'job_created', '2025-09-25 17:27:26.886698+00');
INSERT INTO job_status_history (id, job_id, new_status, changed_by, changed_at) VALUES ('d9167514-8a60-43e4-afc1-bab4d696caa5', 'd2ec213a-d039-48a3-8c2f-3ef726a0687f', 'ordered', 'a1446249-284a-49cc-b254-9dc5bbe75a1a', '2025-10-15 00:40:36.492786+00');
INSERT INTO job_status_history (id, job_id, new_status, changed_by, old_status, changed_at) VALUES ('d9715638-ce15-4cb5-b0e1-b280a12a227c', 'a68ced64-b9cd-464b-87f2-2f0bb604adba', 'ready_for_pickup', 'a1446249-284a-49cc-b254-9dc5bbe75a1a', 'ordered', '2025-10-18 20:12:30.115823+00');
INSERT INTO job_status_history (id, job_id, new_status, changed_by, changed_at) VALUES ('dbb02c50-586e-4ca7-b154-1ee4c8a564ec', '0dae6150-9bcc-442a-826f-6a4d67960030', 'job_created', '0a30693a-baed-4c99-bb81-4d11d2c43dd9', '2025-10-01 01:16:10.804342+00');
INSERT INTO job_status_history (id, job_id, new_status, changed_by, changed_at) VALUES ('dbd0dbfa-8c64-4b3f-adb8-78c6a60f9c58', 'd36ea168-5982-45cf-b3ae-72aad2120756', 'ordered', 'a1446249-284a-49cc-b254-9dc5bbe75a1a', '2025-09-30 17:04:38.938251+00');
INSERT INTO job_status_history (id, job_id, new_status, changed_by, old_status, changed_at) VALUES ('dc067e94-67c8-4f33-a6bd-8e167d3b9d9f', '5e4b0e1f-04e4-4c3b-beaa-f416d076ffae', 'status_1757452359948', '1bd2e7fc-cd53-412d-aa16-9f79d17dc0a8', 'ready_for_pickup', '2025-09-27 00:27:36.177307+00');
INSERT INTO job_status_history (id, job_id, new_status, changed_by, old_status, changed_at) VALUES ('dcdb3846-0083-4a7d-9a3e-4ab1c1329da8', 'e158d4d3-f976-4b3a-b1bd-c5231f555fea', 'ready_for_pickup', '0a30693a-baed-4c99-bb81-4d11d2c43dd9', 'ordered', '2025-10-16 22:53:44.442253+00');
INSERT INTO job_status_history (id, job_id, new_status, changed_by, old_status, changed_at) VALUES ('de60743e-f08a-4914-bd57-312d33ac6ee8', 'f312d05b-6019-418a-a576-7f6977c457b3', 'completed', 'a1446249-284a-49cc-b254-9dc5bbe75a1a', 'ordered', '2025-09-25 22:36:14.874564+00');
INSERT INTO job_status_history (id, job_id, new_status, changed_by, changed_at) VALUES ('e06a836b-7216-436e-9753-d0c53b5f52b8', 'ff394d74-4d70-42b3-aa7f-2d905461c498', 'ordered', '0a30693a-baed-4c99-bb81-4d11d2c43dd9', '2025-09-25 17:44:28.98684+00');
INSERT INTO job_status_history (id, job_id, new_status, changed_by, old_status, changed_at) VALUES ('e1989d4a-4654-483c-827e-961b22577158', '5af1b324-4035-4b68-8e3a-225069aef3ba', 'ready_for_pickup', 'a1446249-284a-49cc-b254-9dc5bbe75a1a', 'ordered', '2025-10-02 17:05:52.626081+00');
INSERT INTO job_status_history (id, job_id, new_status, changed_by, changed_at) VALUES ('e1a4604e-0405-4240-b961-30e05faf356d', 'c5ec76eb-2d9d-4110-9cd4-18d85fee2c4c', 'ordered', 'a1446249-284a-49cc-b254-9dc5bbe75a1a', '2025-09-30 17:06:04.049762+00');
INSERT INTO job_status_history (id, job_id, new_status, changed_by, changed_at) VALUES ('e545980f-ed20-4d1b-a290-1472f8b6e956', 'b4baca15-555a-4015-aaa9-9a67505835a6', 'status_1758832364028', 'a1446249-284a-49cc-b254-9dc5bbe75a1a', '2025-10-10 21:40:16.461998+00');
INSERT INTO job_status_history (id, job_id, new_status, changed_by, old_status, changed_at) VALUES ('ea1c0373-79f7-457b-bff4-ca9b9334db52', 'fbc39a50-e2a7-47f5-a8bf-74af7f80f77b', 'ready_for_pickup', 'a1446249-284a-49cc-b254-9dc5bbe75a1a', 'ordered', '2025-09-26 22:45:19.186562+00');
INSERT INTO job_status_history (id, job_id, new_status, changed_by, old_status, changed_at) VALUES ('eb5b1ba3-f6cb-414f-9b39-4f7ebc346452', 'f0c7b500-dc60-4481-8180-8bed39cf3cb3', 'ready_for_pickup', 'a1446249-284a-49cc-b254-9dc5bbe75a1a', 'ordered', '2025-10-18 18:23:45.215479+00');
INSERT INTO job_status_history (id, job_id, new_status, changed_by, old_status, changed_at) VALUES ('eb7b2a08-1075-4ce6-992c-2312bf2df0ab', 'd36ea168-5982-45cf-b3ae-72aad2120756', 'ready_for_pickup', '0a30693a-baed-4c99-bb81-4d11d2c43dd9', 'ordered', '2025-10-09 19:24:11.099039+00');
INSERT INTO job_status_history (id, job_id, new_status, changed_by, changed_at) VALUES ('ebf8b279-6b58-4ae0-a04f-8fe429568681', '211450fe-8cdd-4ffb-a732-629b431eec56', 'job_created', '1bd2e7fc-cd53-412d-aa16-9f79d17dc0a8', '2025-09-30 03:47:58.469891+00');
INSERT INTO job_status_history (id, job_id, new_status, changed_by, old_status, changed_at) VALUES ('ec066dd2-b2f5-454a-a9e0-36d89b51ddd4', '425aa7b4-6495-4745-9192-e6ba0cf7f71d', 'status_1759026641002', '1bd2e7fc-cd53-412d-aa16-9f79d17dc0a8', 'quality_check', '2025-09-28 02:31:15.017529+00');
INSERT INTO job_status_history (id, job_id, new_status, changed_by, old_status, changed_at) VALUES ('eeafad63-f876-4880-b342-22afbf4ee499', 'a70e63cb-f2e5-40d3-97f6-3ed16b3545b3', 'ready_for_pickup', '0a30693a-baed-4c99-bb81-4d11d2c43dd9', 'ordered', '2025-10-16 22:53:34.777627+00');
INSERT INTO job_status_history (id, job_id, new_status, changed_by, old_status, changed_at) VALUES ('eed8cb56-8e87-4479-9265-0326fb89958c', 'e158d4d3-f976-4b3a-b1bd-c5231f555fea', 'ready_for_pickup', '0a30693a-baed-4c99-bb81-4d11d2c43dd9', 'ordered', '2025-10-16 22:53:44.442253+00');
INSERT INTO job_status_history (id, job_id, new_status, changed_by, changed_at) VALUES ('f1f2d833-1999-48d7-84ad-dfa6b67fce4b', 'd8cf317c-900b-4e4b-9c9a-945acc002474', 'ordered', 'a1446249-284a-49cc-b254-9dc5bbe75a1a', '2025-10-07 18:40:31.482191+00');
INSERT INTO job_status_history (id, job_id, new_status, changed_by, changed_at) VALUES ('f348b49c-9507-4c84-b2bb-da5c748e3daf', 'a426c75c-0a32-4180-be29-debcbbbe3300', 'ready_for_pickup', 'a1446249-284a-49cc-b254-9dc5bbe75a1a', '2025-09-25 17:57:43.588433+00');
INSERT INTO job_status_history (id, job_id, new_status, changed_by, old_status, changed_at) VALUES ('f636150a-0b98-4f5c-bd06-408f692ae261', 'e158d4d3-f976-4b3a-b1bd-c5231f555fea', 'ready_for_pickup', '0a30693a-baed-4c99-bb81-4d11d2c43dd9', 'ordered', '2025-10-16 22:53:44.442253+00');
INSERT INTO job_status_history (id, job_id, new_status, changed_by, old_status, changed_at) VALUES ('f64d5c33-22d5-4d10-97a9-d3669323b280', 'f0c7b500-dc60-4481-8180-8bed39cf3cb3', 'ready_for_pickup', 'a1446249-284a-49cc-b254-9dc5bbe75a1a', 'ordered', '2025-10-18 18:23:45.215479+00');
INSERT INTO job_status_history (id, job_id, new_status, changed_by, changed_at) VALUES ('f6c32263-7c42-4cfa-bbf2-8c255cc35c74', '5d15249f-40fd-4230-babc-afca7480f376', 'ordered', 'a1446249-284a-49cc-b254-9dc5bbe75a1a', '2025-10-07 18:40:09.198815+00');
INSERT INTO job_status_history (id, job_id, new_status, changed_by, old_status, changed_at) VALUES ('f771c410-e4ed-4f0b-94b3-6f16b5f8abdc', '7574d486-c22c-4a97-a27e-7fc4c9857ca4', 'status_1757452359948', '1bd2e7fc-cd53-412d-aa16-9f79d17dc0a8', 'status_1758929953866', '2025-09-27 00:18:33.362293+00');
INSERT INTO job_status_history (id, job_id, new_status, changed_by, changed_at) VALUES ('f8df0ec6-0460-4352-be54-bee67bb50422', '7574d486-c22c-4a97-a27e-7fc4c9857ca4', 'ready_for_pickup', '1bd2e7fc-cd53-412d-aa16-9f79d17dc0a8', '2025-09-11 22:27:17.154583+00');
INSERT INTO job_status_history (id, job_id, new_status, changed_by, changed_at) VALUES ('f91a9e5b-29de-465b-ad6a-f4a44ca15f94', '3f0c8794-04d5-4420-8762-cbf6321ab309', 'ordered', 'a1446249-284a-49cc-b254-9dc5bbe75a1a', '2025-10-09 22:00:04.008075+00');
INSERT INTO job_status_history (id, job_id, new_status, changed_by, old_status, changed_at) VALUES ('f9662c9b-627b-44d4-8720-6717d180a537', 'c5ec76eb-2d9d-4110-9cd4-18d85fee2c4c', 'ready_for_pickup', '0a30693a-baed-4c99-bb81-4d11d2c43dd9', 'ordered', '2025-10-02 21:15:08.44084+00');
INSERT INTO job_status_history (id, job_id, new_status, changed_by, old_status, changed_at) VALUES ('fc10eae2-9079-4dbb-95a0-6875ce42b544', '97052081-df0e-43b0-94dd-8d3479ebad12', 'ordered', 'a1446249-284a-49cc-b254-9dc5bbe75a1a', 'job_created', '2025-10-15 00:40:41.431529+00');
INSERT INTO job_status_history (id, job_id, new_status, changed_by, old_status, changed_at) VALUES ('fc8f5ed1-5be1-4a1e-b461-7b7f7605961d', 'd36ea168-5982-45cf-b3ae-72aad2120756', 'ready_for_pickup', '0a30693a-baed-4c99-bb81-4d11d2c43dd9', 'ordered', '2025-10-09 19:24:11.099039+00');

-- 7. Import 7 Notification Rules

-- Import Notification Rules
INSERT INTO notification_rules (id, office_id, status, max_days, enabled, sms_enabled, notify_roles, notify_users, created_at) VALUES ('538b3aa8-0a11-4c7c-89bc-5699a8bcd9b3', 'd10015ce-316c-41f0-9661-42b5b65911ba', 'ordered', 3, true, false, '[]'::jsonb, '[]'::jsonb, '2025-08-28 04:43:41.324127+00');
INSERT INTO notification_rules (id, office_id, status, max_days, enabled, sms_enabled, notify_roles, notify_users, created_at) VALUES ('597c1480-1d64-48d2-a23c-f873d46928ed', 'a20d81c8-bde9-4ff0-bbfb-86171cd2f382', 'ready_for_pickup', 7, true, false, '[]'::jsonb, '[]'::jsonb, '2025-10-01 18:16:46.464146+00');
INSERT INTO notification_rules (id, office_id, status, max_days, enabled, sms_enabled, notify_roles, notify_users, created_at) VALUES ('79f073ed-407d-44b3-a24d-9993830288e0', 'd10015ce-316c-41f0-9661-42b5b65911ba', 'ready_for_pickup', 5, true, false, '[]'::jsonb, '[]'::jsonb, '2025-08-28 22:39:19.261512+00');
INSERT INTO notification_rules (id, office_id, status, max_days, enabled, sms_enabled, notify_roles, notify_users, created_at) VALUES ('9466baae-ece0-411a-8483-086ecb71a016', 'a20d81c8-bde9-4ff0-bbfb-86171cd2f382', 'ordered', 7, true, false, '[]'::jsonb, '[]'::jsonb, '2025-10-01 18:16:22.801607+00');
INSERT INTO notification_rules (id, office_id, status, max_days, enabled, sms_enabled, notify_roles, notify_users, created_at) VALUES ('a250c911-1c74-43ed-8994-03dce3a24124', 'd10015ce-316c-41f0-9661-42b5b65911ba', 'quality_check', 3, true, false, '[]'::jsonb, '[]'::jsonb, '2025-09-26 02:48:38.252325+00');
INSERT INTO notification_rules (id, office_id, status, max_days, enabled, sms_enabled, notify_roles, notify_users, created_at) VALUES ('ca2f0cee-61a0-4449-95e5-50173963d258', 'a20d81c8-bde9-4ff0-bbfb-86171cd2f382', 'status_1758832364028', 7, true, false, '[]'::jsonb, '[]'::jsonb, '2025-10-01 18:16:38.39235+00');
INSERT INTO notification_rules (id, office_id, status, max_days, enabled, sms_enabled, notify_roles, notify_users, created_at) VALUES ('dbb61582-1f9e-41d5-9e98-e9bb8787c830', 'a20d81c8-bde9-4ff0-bbfb-86171cd2f382', 'job_created', 3, true, false, '[]'::jsonb, '[]'::jsonb, '2025-10-01 18:15:45.312616+00');
INSERT INTO notification_rules (id, office_id, status, max_days, enabled, sms_enabled, notify_roles, notify_users, created_at) VALUES ('e8624958-ce6f-4b3b-af0b-32a2bf48d724', 'd10015ce-316c-41f0-9661-42b5b65911ba', 'job_created', 2, true, false, '[]'::jsonb, '[]'::jsonb, '2025-09-26 02:48:30.042787+00');

COMMIT;

-- Migration complete!
-- Next steps:
-- 1. All users must reset their passwords (temporary password: TempPass123!)
-- 2. Verify data integrity by checking row counts
-- 3. Test application functionality
