id,job_id,old_status,new_status,changed_by,changed_at,notes
00be10ad-1049-4b3d-b45a-d208709d5ec9,f684dc04-b7a7-4455-8094-7b46136ce594,,ready_for_pickup,a1446249-284a-49cc-b254-9dc5bbe75a1a,2025-10-18 21:15:47.770665+00,
00f6751a-700e-4edf-b1fa-6dde02f1de8d,78059602-0c3d-4aa7-8a61-7bfb626ee581,ready_for_pickup,completed,0a30693a-baed-4c99-bb81-4d11d2c43dd9,2025-10-09 19:28:24.128382+00,
0142c834-16a5-4ac6-b6b6-92633b5c4fa2,e0173c63-7326-4c31-bdf2-7b8df08a634c,ordered,ready_for_pickup,a1446249-284a-49cc-b254-9dc5bbe75a1a,2025-10-07 21:34:18.554642+00,
01619cf8-8b5d-49e6-8d8d-8cab7a31a104,ef397704-0d28-4c14-b9ba-2ae7fab1459c,ready_for_pickup,completed,a1446249-284a-49cc-b254-9dc5bbe75a1a,2025-10-11 00:40:56.978687+00,
020cd4fd-00ee-4da7-bb2b-3c8eacec4080,17f82eac-7302-46de-af26-b5292b87f55e,ordered,ready_for_pickup,0a30693a-baed-4c99-bb81-4d11d2c43dd9,2025-10-15 17:12:56.985185+00,
02ffa4cf-2b2a-4223-a491-e1490ab5a100,7574d486-c22c-4a97-a27e-7fc4c9857ca4,status_1757452359948,status_1758929953866,1bd2e7fc-cd53-412d-aa16-9f79d17dc0a8,2025-09-27 00:26:51.848734+00,
049c74ab-90ff-4a30-b171-98144a2a2f86,ffb14d4a-1689-479d-b757-2af80e168728,ordered,completed,a1446249-284a-49cc-b254-9dc5bbe75a1a,2025-09-26 21:29:19.250087+00,
0563f713-ebcc-4163-9ddf-d171c7443698,cc3e0356-6bdc-4bc4-93ec-dc8c8b0bd475,ordered,ready_for_pickup,a1446249-284a-49cc-b254-9dc5bbe75a1a,2025-10-10 23:12:15.767696+00,
0659e164-0752-44dd-844c-1b5740c64a0a,390eff25-69ce-4dd6-aa2f-5596c0a97bbb,job_created,ordered,a1446249-284a-49cc-b254-9dc5bbe75a1a,2025-09-25 20:57:02.874509+00,
06d846c3-f1f2-495a-91c1-0bb267d12eef,fbc39a50-e2a7-47f5-a8bf-74af7f80f77b,,ordered,a1446249-284a-49cc-b254-9dc5bbe75a1a,2025-09-25 17:37:05.54696+00,
07457069-36d1-4822-9524-f5b64a768e33,ffb14d4a-1689-479d-b757-2af80e168728,ready_for_pickup,ordered,a1446249-284a-49cc-b254-9dc5bbe75a1a,2025-09-26 21:29:15.188892+00,
07b9f4ef-8b1d-4a41-b537-4854fdb4434d,3c806b9a-99d0-43d2-ac18-61a513495c72,job_created,ordered,a1446249-284a-49cc-b254-9dc5bbe75a1a,2025-10-02 18:51:30.320353+00,
088d936a-69f1-4adf-a113-f4797b4c7ab9,58a2cbca-5734-43e5-bd09-fa82dedd9ff8,job_created,ordered,0a30693a-baed-4c99-bb81-4d11d2c43dd9,2025-10-15 17:04:28.646865+00,
08f5ae57-009b-40f4-bfa0-122683ffc86f,f671931e-2d3a-487d-9807-9f7a8909a7ed,in_progress,ordered,0a30693a-baed-4c99-bb81-4d11d2c43dd9,2025-09-18 22:55:22.094527+00,
09ba8621-1c91-486a-93bc-dabcf3a004a0,5037873c-f48e-46c4-a7dc-3bbaba6bb129,ready_for_pickup,completed,a1446249-284a-49cc-b254-9dc5bbe75a1a,2025-10-17 20:03:22.538898+00,
0a185cc3-099e-47f4-b6de-966eab3c2a47,17f82eac-7302-46de-af26-b5292b87f55e,ordered,ready_for_pickup,0a30693a-baed-4c99-bb81-4d11d2c43dd9,2025-10-15 17:12:56.985185+00,
0a1d8d99-6017-47e9-8349-2172ffc9c6ca,0ba265e2-6162-4bb3-b6eb-e2dffc795565,ordered,ready_for_pickup,a1446249-284a-49cc-b254-9dc5bbe75a1a,2025-10-18 18:23:43.379083+00,
0b383931-d310-4b07-bd80-e253dad10596,a8130669-1c36-4958-a9ab-6a6f2db3bf20,ready_for_pickup,completed,a1446249-284a-49cc-b254-9dc5bbe75a1a,2025-10-17 20:03:16.884188+00,
0ba92367-3688-4be5-a8cd-b2c54a604a48,4ee9d75b-28a3-4ee3-b97a-2bf70102ce0f,ordered,ready_for_pickup,a1446249-284a-49cc-b254-9dc5bbe75a1a,2025-10-01 21:18:07.709753+00,
0c45ddb0-b5f7-4536-82b2-39050dd46cfd,cb810fc9-1377-42bd-9d1e-e1a0e5e055d8,ready_for_pickup,completed,0a30693a-baed-4c99-bb81-4d11d2c43dd9,2025-10-09 19:31:24.276466+00,
0c7c8748-49bc-4e1f-b680-1a4fd6358f85,d7ad9ddc-bf45-47f2-80e8-03bffec50230,ordered,ready_for_pickup,0a30693a-baed-4c99-bb81-4d11d2c43dd9,2025-10-09 22:45:33.038503+00,
0ccda73a-aeec-4286-894c-a2d6b02a1ccc,e27f5173-923f-42f0-b0de-211d65a783a6,job_created,ordered,a1446249-284a-49cc-b254-9dc5bbe75a1a,2025-10-02 18:54:18.110723+00,
0e5240f6-556f-4986-9664-a9a52b003542,17f82eac-7302-46de-af26-b5292b87f55e,ready_for_pickup,completed,a1446249-284a-49cc-b254-9dc5bbe75a1a,2025-10-15 20:59:21.173702+00,
0f8203c3-8f70-4bd0-97ad-785ec820d8f8,17f82eac-7302-46de-af26-b5292b87f55e,ordered,ready_for_pickup,0a30693a-baed-4c99-bb81-4d11d2c43dd9,2025-10-15 17:12:56.985185+00,
0fd6df1b-4aa5-4ec9-b3b5-e76bd810b9c8,2afe54f9-cfa4-40f0-82a6-512ee5c1cbe5,job_created,ordered,a1446249-284a-49cc-b254-9dc5bbe75a1a,2025-10-02 17:07:56.642072+00,
10e0f4ea-3bc0-42ff-8ae3-50229cce240e,7d152a83-0a69-4eca-88ca-f3b0ebe87817,ordered,ready_for_pickup,a1446249-284a-49cc-b254-9dc5bbe75a1a,2025-10-15 19:25:28.146947+00,
11306fa4-385a-4d9d-a0fb-76aba0d75cdc,3d48e282-b66e-46e2-a988-7479025465b1,ordered,ready_for_pickup,a1446249-284a-49cc-b254-9dc5bbe75a1a,2025-10-07 21:33:27.490424+00,
11dd7b82-b5cb-49e9-b82c-5412e6d5c0dd,d618be06-458d-4e7a-96ff-6ef9f5e537db,ready_for_pickup,completed,0a30693a-baed-4c99-bb81-4d11d2c43dd9,2025-10-11 21:26:03.887203+00,
11f2d7a7-3ea9-4a40-a88e-81abe5b01612,f0c7b500-dc60-4481-8180-8bed39cf3cb3,ordered,ready_for_pickup,a1446249-284a-49cc-b254-9dc5bbe75a1a,2025-10-18 18:23:45.215479+00,
13247860-b723-4031-874b-38c8f4cfd828,571c4df4-a393-4ddf-956d-87a46009724a,job_created,completed,1bd2e7fc-cd53-412d-aa16-9f79d17dc0a8,2025-10-09 16:00:53.202057+00,
1364ba51-cf2f-4edb-9688-5537a31c0383,75a57090-8176-498c-93b7-7dd25e4aae96,,ready_for_pickup,a1446249-284a-49cc-b254-9dc5bbe75a1a,2025-10-08 21:44:42.26134+00,
145f1c1a-dd33-43b7-b25e-a41020c59342,04947dc5-c4bd-417e-bc33-012fe6ffcbd7,ready_for_pickup,completed,a1446249-284a-49cc-b254-9dc5bbe75a1a,2025-10-16 20:25:20.606354+00,
16dd8e98-7b01-42ff-82ff-83338a90579e,f28daa72-1c81-459d-b1f0-4775ecfb71e3,ordered,completed,0a30693a-baed-4c99-bb81-4d11d2c43dd9,2025-10-09 19:36:49.467127+00,
17b41b57-c7d3-4af3-b4bd-21ff8489a3c4,4ee9d75b-28a3-4ee3-b97a-2bf70102ce0f,ordered,ready_for_pickup,a1446249-284a-49cc-b254-9dc5bbe75a1a,2025-10-01 21:18:07.709753+00,
19065c0d-271e-481d-9c9e-1be5f9dcfdd3,a68ced64-b9cd-464b-87f2-2f0bb604adba,,ordered,a1446249-284a-49cc-b254-9dc5bbe75a1a,2025-10-17 18:19:41.92428+00,
19ab6cf9-93ac-434f-9c71-e903399ccd3c,a66abd83-9d35-4f67-9f2d-71bad97f0ad7,ready_for_pickup,completed,a1446249-284a-49cc-b254-9dc5bbe75a1a,2025-10-14 19:50:45.235076+00,
19ca64d6-82a9-4cb6-8032-fea002786688,25d9153b-6662-4133-b4fa-86ffa06d53ad,ordered,ready_for_pickup,0a30693a-baed-4c99-bb81-4d11d2c43dd9,2025-10-17 00:45:17.504895+00,
1b8b7c31-c047-47d7-8dae-267742fc6403,a68ced64-b9cd-464b-87f2-2f0bb604adba,ordered,ready_for_pickup,a1446249-284a-49cc-b254-9dc5bbe75a1a,2025-10-18 20:12:30.115823+00,
1c620665-13d9-4d08-8b86-1dc9d2a234cc,5e4b0e1f-04e4-4c3b-beaa-f416d076ffae,status_1757452359948,status_1758929953866,1bd2e7fc-cd53-412d-aa16-9f79d17dc0a8,2025-09-27 00:27:37.778872+00,
1c64a476-b5eb-4568-a457-d9b881b9f1f3,fefc6126-7409-4cd6-8856-91df0cd791a8,job_created,ordered,a1446249-284a-49cc-b254-9dc5bbe75a1a,2025-10-02 23:37:59.784464+00,
1d139ecc-3a0e-45b9-be14-69e9557fb3dd,5037873c-f48e-46c4-a7dc-3bbaba6bb129,ready_for_pickup,completed,a1446249-284a-49cc-b254-9dc5bbe75a1a,2025-10-17 20:03:22.538898+00,
1d8af3ce-2088-4e3f-a593-407da16de031,7d152a83-0a69-4eca-88ca-f3b0ebe87817,job_created,ordered,a1446249-284a-49cc-b254-9dc5bbe75a1a,2025-10-07 18:40:46.887336+00,
1e2c0a4f-80a0-4ffe-8b5f-87cb59b7030a,f312d05b-6019-418a-a576-7f6977c457b3,completed,ready_for_pickup,a1446249-284a-49cc-b254-9dc5bbe75a1a,2025-09-25 22:40:47.118089+00,
1e4bb878-79e4-419c-9f3c-73d0217b0782,3d48e282-b66e-46e2-a988-7479025465b1,,ordered,a1446249-284a-49cc-b254-9dc5bbe75a1a,2025-09-26 21:22:57.334221+00,
1e7be65d-8870-44c0-b09b-d6b54841cd01,cb810fc9-1377-42bd-9d1e-e1a0e5e055d8,ready_for_pickup,completed,0a30693a-baed-4c99-bb81-4d11d2c43dd9,2025-10-09 19:31:24.276466+00,
1f1c19cc-919a-44a1-8bef-5b7ecf6d8c99,425aa7b4-6495-4745-9192-e6ba0cf7f71d,ordered,quality_check,1bd2e7fc-cd53-412d-aa16-9f79d17dc0a8,2025-09-28 01:54:05.418358+00,
1f7e0a08-27a2-49b5-b657-2ab6108df8f1,25d9153b-6662-4133-b4fa-86ffa06d53ad,ordered,ready_for_pickup,0a30693a-baed-4c99-bb81-4d11d2c43dd9,2025-10-17 00:45:17.504895+00,
211e2a72-7e3e-47fb-b5a3-9d4c4ddd094f,425aa7b4-6495-4745-9192-e6ba0cf7f71d,status_1757452359948,status_1758929953866,1bd2e7fc-cd53-412d-aa16-9f79d17dc0a8,2025-09-28 01:54:00.870883+00,
216a70cb-4c42-4774-b2d7-00125cf31cef,0cdfcf4e-1f76-4701-a831-973a21c2ed30,ready_for_pickup,completed,0a30693a-baed-4c99-bb81-4d11d2c43dd9,2025-10-17 00:44:11.711227+00,
2198e06d-1109-41fb-bf06-c67424e42a41,3ed93dc9-7a11-4848-ace8-12faf0ca666e,,ordered,a1446249-284a-49cc-b254-9dc5bbe75a1a,2025-10-07 23:18:44.6579+00,
21b48127-754c-4248-bd34-4d00259445a4,ffb14d4a-1689-479d-b757-2af80e168728,status_1758832364028,completed,0a30693a-baed-4c99-bb81-4d11d2c43dd9,2025-10-09 19:24:19.459375+00,
21e6b28d-b21d-469c-b221-2b8e4d85b99b,3c806b9a-99d0-43d2-ac18-61a513495c72,,job_created,a1446249-284a-49cc-b254-9dc5bbe75a1a,2025-10-02 18:48:24.474652+00,
227ba6b9-4887-4551-9640-804879341e71,ddd3dd98-45dd-4c51-9d36-25e5546ee7f1,ready_for_pickup,completed,a1446249-284a-49cc-b254-9dc5bbe75a1a,2025-10-10 18:04:29.549533+00,
24aa469c-8815-4548-be07-fe6d5e9e521b,ef397704-0d28-4c14-b9ba-2ae7fab1459c,,ready_for_pickup,0a30693a-baed-4c99-bb81-4d11d2c43dd9,2025-10-09 19:31:49.795444+00,
25533bee-a60d-498a-9bdf-0120a17df85e,25d9153b-6662-4133-b4fa-86ffa06d53ad,ready_for_pickup,completed,a1446249-284a-49cc-b254-9dc5bbe75a1a,2025-10-17 22:42:39.465605+00,
26333c5f-71a2-4c83-b5a1-e3d7b5ccfbb1,afdecab6-8977-4bc9-96ac-4d434bb405a1,,ready_for_pickup,a1446249-284a-49cc-b254-9dc5bbe75a1a,2025-09-25 17:43:07.283484+00,
263eb385-311e-4f58-ad5e-e4d8cfca5e27,f28daa72-1c81-459d-b1f0-4775ecfb71e3,job_created,ordered,a1446249-284a-49cc-b254-9dc5bbe75a1a,2025-09-25 17:27:28.515122+00,
2670505a-8275-4dab-be70-f2d32955420d,646aecb8-b925-4a8c-aca9-35d662b90747,,ordered,a1446249-284a-49cc-b254-9dc5bbe75a1a,2025-09-25 17:41:11.724626+00,
27f95ad7-9cb9-49e0-837a-30504a95f256,5037873c-f48e-46c4-a7dc-3bbaba6bb129,ordered,ready_for_pickup,a1446249-284a-49cc-b254-9dc5bbe75a1a,2025-10-10 23:12:29.264962+00,
290eff51-d67c-4d2e-af7f-e8ccde5935cf,399a5345-2b19-4919-a9ff-4c1981276bb4,ordered,completed,0a30693a-baed-4c99-bb81-4d11d2c43dd9,2025-10-11 21:27:49.659892+00,
2992bb13-bf26-489f-a3fd-28ce1a8a337e,ffb14d4a-1689-479d-b757-2af80e168728,ready_for_pickup,status_1758832364028,0a30693a-baed-4c99-bb81-4d11d2c43dd9,2025-09-27 00:34:50.174223+00,
29e45eb1-e721-4619-8ebb-27dbe1da5970,5af1b324-4035-4b68-8e3a-225069aef3ba,,job_created,a1446249-284a-49cc-b254-9dc5bbe75a1a,2025-09-30 17:05:27.513575+00,
2a1d4024-3a08-46b2-b34b-b828753e19d5,09daf2ec-da9f-4ba5-a669-414f437ed997,,in_progress,0a30693a-baed-4c99-bb81-4d11d2c43dd9,2025-09-18 22:35:23.148664+00,
2a754d7c-fdc4-4f00-bc0a-52518f9b54eb,7d152a83-0a69-4eca-88ca-f3b0ebe87817,ordered,ready_for_pickup,a1446249-284a-49cc-b254-9dc5bbe75a1a,2025-10-15 19:25:28.146947+00,
2ad1b1fa-f9dd-46c7-a993-9f3a06beda4b,97052081-df0e-43b0-94dd-8d3479ebad12,job_created,ordered,a1446249-284a-49cc-b254-9dc5bbe75a1a,2025-10-15 00:40:41.431529+00,
2ad8e7d7-4d85-4bb5-b57f-cfcda4233f7c,ffb14d4a-1689-479d-b757-2af80e168728,ordered,completed,a1446249-284a-49cc-b254-9dc5bbe75a1a,2025-09-26 21:29:19.250087+00,
2bdc6421-5735-48e7-9d76-57258fac06dc,04947dc5-c4bd-417e-bc33-012fe6ffcbd7,ready_for_pickup,completed,a1446249-284a-49cc-b254-9dc5bbe75a1a,2025-10-16 20:25:20.606354+00,
2ceca30f-417c-4169-b0a1-893556cd5de2,0ee6888c-137f-40c8-abee-f43275390d7d,ordered,ready_for_pickup,a1446249-284a-49cc-b254-9dc5bbe75a1a,2025-10-07 21:33:24.79074+00,
2d9f08b4-844d-4ce3-95b4-05c56a309dea,ffb14d4a-1689-479d-b757-2af80e168728,status_1758832364028,completed,0a30693a-baed-4c99-bb81-4d11d2c43dd9,2025-10-09 19:24:19.459375+00,
2e9a7bd4-1762-47d0-a47d-95fd33ac5c03,46a616d0-5346-4473-8991-bc4aaf9ec55c,ready_for_pickup,completed,0a30693a-baed-4c99-bb81-4d11d2c43dd9,2025-10-09 19:24:54.461713+00,
2ec08e87-6f15-4d43-94a8-a8e18f260b2d,f0c7b500-dc60-4481-8180-8bed39cf3cb3,,ordered,a1446249-284a-49cc-b254-9dc5bbe75a1a,2025-10-13 21:43:29.260134+00,
2ec50dfb-c4ed-4edc-8a77-fa1fe69c3556,25d9153b-6662-4133-b4fa-86ffa06d53ad,ready_for_pickup,completed,a1446249-284a-49cc-b254-9dc5bbe75a1a,2025-10-17 22:42:39.465605+00,
2ec75cfa-7ee3-4137-8012-d216052332f5,a70e63cb-f2e5-40d3-97f6-3ed16b3545b3,ordered,ready_for_pickup,0a30693a-baed-4c99-bb81-4d11d2c43dd9,2025-10-16 22:53:34.777627+00,
2ef5a813-6aae-4aa4-8fb2-cb79245a2894,f312d05b-6019-418a-a576-7f6977c457b3,,ordered,0a30693a-baed-4c99-bb81-4d11d2c43dd9,2025-09-25 17:41:39.867941+00,
2f65184d-edac-4c61-bdd8-1ba84343cf96,cc3e0356-6bdc-4bc4-93ec-dc8c8b0bd475,ready_for_pickup,completed,0a30693a-baed-4c99-bb81-4d11d2c43dd9,2025-10-16 22:53:10.788744+00,
2fafa3fd-c129-4296-b6de-fa56a1a98ef5,97faaadb-16e6-4c0e-b3ad-fddfb48cf559,ready_for_pickup,completed,a1446249-284a-49cc-b254-9dc5bbe75a1a,2025-10-18 22:23:24.376973+00,
2fcb197e-09b8-49e8-9b2a-85b001093c53,f312d05b-6019-418a-a576-7f6977c457b3,ordered,completed,a1446249-284a-49cc-b254-9dc5bbe75a1a,2025-09-25 22:36:14.874564+00,
2fdfd3e2-0a26-4036-8390-2438dbe31803,1f4a6321-58cb-43e7-9953-dc3e854fbf48,,job_created,a1446249-284a-49cc-b254-9dc5bbe75a1a,2025-09-25 17:23:25.552404+00,
300b305f-f44a-4438-9366-332997fb9b25,a66abd83-9d35-4f67-9f2d-71bad97f0ad7,ready_for_pickup,completed,a1446249-284a-49cc-b254-9dc5bbe75a1a,2025-10-14 19:50:45.235076+00,
30b70f27-108f-42f9-a7c5-0764c10ae21e,a68ced64-b9cd-464b-87f2-2f0bb604adba,ordered,ready_for_pickup,a1446249-284a-49cc-b254-9dc5bbe75a1a,2025-10-18 20:12:30.115823+00,
30d9d2cc-b6e6-4918-ab43-36ee4946e5a5,2afe54f9-cfa4-40f0-82a6-512ee5c1cbe5,ordered,completed,0a30693a-baed-4c99-bb81-4d11d2c43dd9,2025-10-16 00:53:35.013336+00,
30ea812a-630d-4c35-ab1e-f3d738fa37dc,d36ea168-5982-45cf-b3ae-72aad2120756,ordered,ready_for_pickup,0a30693a-baed-4c99-bb81-4d11d2c43dd9,2025-10-09 19:24:11.099039+00,
314b46eb-c80c-4dc8-a762-70899459809d,571c4df4-a393-4ddf-956d-87a46009724a,job_created,completed,1bd2e7fc-cd53-412d-aa16-9f79d17dc0a8,2025-10-09 16:00:53.202057+00,
317c2575-e4cb-43fe-b453-ea1ce8321789,6a69742b-7b2c-4b19-95a5-09b7c667972a,ready_for_pickup,completed,0a30693a-baed-4c99-bb81-4d11d2c43dd9,2025-10-09 19:28:40.585581+00,
337a883b-41b5-4ae1-9c6b-9b63f271a54c,425aa7b4-6495-4745-9192-e6ba0cf7f71d,job_created,status_1757452359948,1bd2e7fc-cd53-412d-aa16-9f79d17dc0a8,2025-09-28 01:53:58.154486+00,
3387fb84-5fc3-4bca-819e-7d2d5db64297,0ba265e2-6162-4bb3-b6eb-e2dffc795565,job_created,ordered,a1446249-284a-49cc-b254-9dc5bbe75a1a,2025-10-13 21:43:47.946473+00,
33b46b92-16a2-4aad-9538-5807f7dbfa9f,cb810fc9-1377-42bd-9d1e-e1a0e5e055d8,ready_for_pickup,completed,0a30693a-baed-4c99-bb81-4d11d2c43dd9,2025-10-09 19:31:24.276466+00,
340af81d-7ba0-42bc-b596-1f9ae07bd957,6a69742b-7b2c-4b19-95a5-09b7c667972a,ordered,ready_for_pickup,a1446249-284a-49cc-b254-9dc5bbe75a1a,2025-09-26 22:35:56.042795+00,
34405c64-4cd9-4090-9612-115c1aa1e24b,6a69742b-7b2c-4b19-95a5-09b7c667972a,ready_for_pickup,completed,0a30693a-baed-4c99-bb81-4d11d2c43dd9,2025-10-09 19:28:40.585581+00,
349b8fc8-6719-4b2c-8e46-30a097298378,390eff25-69ce-4dd6-aa2f-5596c0a97bbb,ready_for_pickup,completed,0a30693a-baed-4c99-bb81-4d11d2c43dd9,2025-10-11 21:23:13.601027+00,
34c7cc59-f815-456c-b9ae-54ea292ac7a3,399a5345-2b19-4919-a9ff-4c1981276bb4,job_created,ordered,a1446249-284a-49cc-b254-9dc5bbe75a1a,2025-10-07 18:40:50.279517+00,
34f00f66-1e69-48d7-b9e6-0927b466b8f2,194e51d7-1bbe-4cbe-a6bc-acd422af873b,ready_for_pickup,completed,0a30693a-baed-4c99-bb81-4d11d2c43dd9,2025-10-09 20:28:46.690614+00,
350ee0a6-977d-4961-b3cf-c5fff823ee95,7574d486-c22c-4a97-a27e-7fc4c9857ca4,status_1757452359948,status_1758929953866,1bd2e7fc-cd53-412d-aa16-9f79d17dc0a8,2025-09-27 00:26:51.848734+00,
354c9906-31db-4ce2-9218-46e189f36c9c,fefc6126-7409-4cd6-8856-91df0cd791a8,ready_for_pickup,completed,0a30693a-baed-4c99-bb81-4d11d2c43dd9,2025-10-09 19:34:58.450305+00,
35842c20-b74e-455a-878b-02e093193e74,d618be06-458d-4e7a-96ff-6ef9f5e537db,,ordered,a1446249-284a-49cc-b254-9dc5bbe75a1a,2025-10-07 23:19:03.357701+00,
35fcfb21-6a72-4cc9-abd5-245389d6e0b8,639619ea-ff15-4e03-a904-7e35a5bdf266,,ordered,a1446249-284a-49cc-b254-9dc5bbe75a1a,2025-09-26 21:21:49.239639+00,
3680f27b-2976-4a07-8e76-2ce006c9bad2,7574d486-c22c-4a97-a27e-7fc4c9857ca4,status_1758929953866,status_1757452359948,1bd2e7fc-cd53-412d-aa16-9f79d17dc0a8,2025-09-27 00:18:33.362293+00,
369f24ad-cb35-47cf-8137-ec4bc1b9da43,a8130669-1c36-4958-a9ab-6a6f2db3bf20,ready_for_pickup,completed,a1446249-284a-49cc-b254-9dc5bbe75a1a,2025-10-17 20:03:16.884188+00,
37e68337-665f-4a56-a121-c1515c2ab384,646aecb8-b925-4a8c-aca9-35d662b90747,ready_for_pickup,completed,0a30693a-baed-4c99-bb81-4d11d2c43dd9,2025-10-11 21:25:50.105709+00,
380e5355-f3d4-41fb-be6e-9700e2bfd0ad,7d152a83-0a69-4eca-88ca-f3b0ebe87817,ready_for_pickup,completed,a1446249-284a-49cc-b254-9dc5bbe75a1a,2025-10-15 20:36:15.843432+00,
39020b36-a988-4ff6-880d-b2ddfc5a74fd,d7ad9ddc-bf45-47f2-80e8-03bffec50230,,job_created,a1446249-284a-49cc-b254-9dc5bbe75a1a,2025-10-03 19:39:48.778921+00,
397e2854-2432-45e7-a6a1-ea3272f70908,0ba265e2-6162-4bb3-b6eb-e2dffc795565,,job_created,a1446249-284a-49cc-b254-9dc5bbe75a1a,2025-10-13 21:43:43.427438+00,
3a20287e-2a81-4bc0-8c32-bbc797f95776,ffb14d4a-1689-479d-b757-2af80e168728,ready_for_pickup,ordered,a1446249-284a-49cc-b254-9dc5bbe75a1a,2025-09-26 21:29:15.188892+00,
3a5bfc7c-ef5e-46f7-848a-23500edbe3b9,2afe54f9-cfa4-40f0-82a6-512ee5c1cbe5,ordered,completed,0a30693a-baed-4c99-bb81-4d11d2c43dd9,2025-10-16 00:53:35.013336+00,
3ad51900-d92b-4837-b0f3-c156577b0dbd,cc3e0356-6bdc-4bc4-93ec-dc8c8b0bd475,ready_for_pickup,ordered,0a30693a-baed-4c99-bb81-4d11d2c43dd9,2025-10-08 19:24:34.286638+00,
3bdc3fc1-ee8e-4de7-9df0-0beaaa4587bc,46a616d0-5346-4473-8991-bc4aaf9ec55c,ready_for_pickup,completed,0a30693a-baed-4c99-bb81-4d11d2c43dd9,2025-10-09 19:24:54.461713+00,
3cb6d634-1ece-4797-b701-23f67a50ea60,5af1b324-4035-4b68-8e3a-225069aef3ba,ordered,ready_for_pickup,a1446249-284a-49cc-b254-9dc5bbe75a1a,2025-10-02 17:05:52.626081+00,
3d6bd30a-3564-46e6-a670-31c0e0214ec2,5e4b0e1f-04e4-4c3b-beaa-f416d076ffae,status_1758929953866,status_1759026641002,1bd2e7fc-cd53-412d-aa16-9f79d17dc0a8,2025-09-29 00:51:52.841474+00,
3d93233c-4d7d-4ee9-8ab8-0a64a6fbf765,2c1fc50d-c221-49ae-833d-7fd6a415ff99,,job_created,a1446249-284a-49cc-b254-9dc5bbe75a1a,2025-10-13 22:29:26.057409+00,
3df4c69a-1502-4198-99ba-3f1546444f4c,d354cbb9-bb24-4998-9a84-52a5fd42cf39,,job_created,1bd2e7fc-cd53-412d-aa16-9f79d17dc0a8,2025-09-29 00:53:58.885044+00,
3e91e8ec-3ed4-45a4-8c5c-ac8dcc2dddd5,ded8884f-6891-40a3-8956-3580dbff337d,,ready_for_pickup,a1446249-284a-49cc-b254-9dc5bbe75a1a,2025-09-25 17:57:02.057286+00,
3ec9b240-d1ed-4e72-adbb-b100a887fc46,390eff25-69ce-4dd6-aa2f-5596c0a97bbb,ordered,ready_for_pickup,a1446249-284a-49cc-b254-9dc5bbe75a1a,2025-09-26 22:35:38.487755+00,
3fcb3522-9caa-42b2-abe1-6bb8574f8891,25d9153b-6662-4133-b4fa-86ffa06d53ad,ordered,ready_for_pickup,0a30693a-baed-4c99-bb81-4d11d2c43dd9,2025-10-17 00:45:17.504895+00,
40865e2b-e326-448f-9cbb-04fdfd13c875,5e4b0e1f-04e4-4c3b-beaa-f416d076ffae,,job_created,1bd2e7fc-cd53-412d-aa16-9f79d17dc0a8,2025-09-26 23:04:25.67481+00,
41eaac97-50b9-4215-8e7c-1c8160e201dc,0cdfcf4e-1f76-4701-a831-973a21c2ed30,,ready_for_pickup,a1446249-284a-49cc-b254-9dc5bbe75a1a,2025-09-25 18:02:51.651467+00,
41fee0fa-f61e-481f-812b-432f7fa673e0,6737325c-f1e6-4aef-a24e-da0627cdbe3a,,ordered,0a30693a-baed-4c99-bb81-4d11d2c43dd9,2025-10-16 22:51:37.742895+00,
42982cc5-8081-45c1-81bd-199f5298614d,646aecb8-b925-4a8c-aca9-35d662b90747,ready_for_pickup,completed,0a30693a-baed-4c99-bb81-4d11d2c43dd9,2025-10-11 21:25:50.105709+00,
44a5452d-ce06-4bf5-8bb0-941602e69b38,97052081-df0e-43b0-94dd-8d3479ebad12,job_created,ordered,a1446249-284a-49cc-b254-9dc5bbe75a1a,2025-10-15 00:40:41.431529+00,
44d07d4a-054b-4bd3-a628-680d35f1f2f2,7574d486-c22c-4a97-a27e-7fc4c9857ca4,status_1758929953866,status_1757452359948,1bd2e7fc-cd53-412d-aa16-9f79d17dc0a8,2025-09-27 00:26:49.59367+00,
457c73da-d55f-4523-9827-2c4c3b919150,551f9fce-620b-4f05-9221-2607aba3ceea,job_created,ordered,a1446249-284a-49cc-b254-9dc5bbe75a1a,2025-10-09 23:21:04.099594+00,
460fcfd3-197a-4e00-abd7-4e8353daf88a,1f4a6321-58cb-43e7-9953-dc3e854fbf48,ordered,ready_for_pickup,0a30693a-baed-4c99-bb81-4d11d2c43dd9,2025-09-30 01:27:58.68806+00,
4680c2fa-70e9-4665-982d-0f4621a4aa3e,a66abd83-9d35-4f67-9f2d-71bad97f0ad7,ordered,ready_for_pickup,a1446249-284a-49cc-b254-9dc5bbe75a1a,2025-10-09 23:21:00.396885+00,
4815da6c-82f0-4d2f-9224-070fc18d96e4,d618be06-458d-4e7a-96ff-6ef9f5e537db,ordered,ready_for_pickup,a1446249-284a-49cc-b254-9dc5bbe75a1a,2025-10-09 23:20:57.327935+00,
4b4002d1-e28b-4071-b5bc-bd990a853dda,194e51d7-1bbe-4cbe-a6bc-acd422af873b,ready_for_pickup,completed,0a30693a-baed-4c99-bb81-4d11d2c43dd9,2025-10-09 20:28:46.690614+00,
4c28ea99-6965-49f3-b9dc-14384cda4185,6a69742b-7b2c-4b19-95a5-09b7c667972a,ready_for_pickup,completed,0a30693a-baed-4c99-bb81-4d11d2c43dd9,2025-10-09 19:28:40.585581+00,
4d950633-9025-4ba5-8a56-83556c2ed717,4ee9d75b-28a3-4ee3-b97a-2bf70102ce0f,,ordered,a1446249-284a-49cc-b254-9dc5bbe75a1a,2025-09-25 20:52:56.681914+00,
4da2dc6a-ca6b-49b2-9834-9551dfd2ebca,7d152a83-0a69-4eca-88ca-f3b0ebe87817,,job_created,a1446249-284a-49cc-b254-9dc5bbe75a1a,2025-10-04 23:33:14.623199+00,
4dba06b1-c005-42cf-aca6-f6c80913de18,cc3e0356-6bdc-4bc4-93ec-dc8c8b0bd475,ordered,ready_for_pickup,a1446249-284a-49cc-b254-9dc5bbe75a1a,2025-10-10 23:12:15.767696+00,
4dbce18b-fe66-4f1d-ac34-05e08d27111e,f671931e-2d3a-487d-9807-9f7a8909a7ed,ordered,ready_for_pickup,0a30693a-baed-4c99-bb81-4d11d2c43dd9,2025-10-15 18:25:45.3707+00,
4dbec7bd-005b-4a74-8c88-6eb2872ba6c3,e158d4d3-f976-4b3a-b1bd-c5231f555fea,ordered,ready_for_pickup,0a30693a-baed-4c99-bb81-4d11d2c43dd9,2025-10-16 22:53:44.442253+00,
4e4ae780-cb98-4938-b478-e250101df702,cc3e0356-6bdc-4bc4-93ec-dc8c8b0bd475,ready_for_pickup,completed,0a30693a-baed-4c99-bb81-4d11d2c43dd9,2025-10-16 22:53:10.788744+00,
4e50884c-b8ff-4799-94cb-ac0e2698f454,194e51d7-1bbe-4cbe-a6bc-acd422af873b,ready_for_pickup,completed,0a30693a-baed-4c99-bb81-4d11d2c43dd9,2025-10-09 20:28:46.690614+00,
4e65691c-2aa5-4071-a410-5fff1150a49b,ef397704-0d28-4c14-b9ba-2ae7fab1459c,ready_for_pickup,completed,a1446249-284a-49cc-b254-9dc5bbe75a1a,2025-10-11 00:40:56.978687+00,
4e953a3e-0b0b-4d85-8451-057025533e8b,cf1f7790-b8c2-4a60-bc4c-d4ffaebb1d15,ordered,ready_for_pickup,a1446249-284a-49cc-b254-9dc5bbe75a1a,2025-10-10 21:37:58.182319+00,
4f30c605-5a1c-42a3-b18e-1a745f7c63c8,5af1b324-4035-4b68-8e3a-225069aef3ba,job_created,ordered,a1446249-284a-49cc-b254-9dc5bbe75a1a,2025-09-30 17:05:34.469469+00,
4f3749b0-1b2d-461d-9415-0a7729f38a10,3c806b9a-99d0-43d2-ac18-61a513495c72,ready_for_pickup,completed,a1446249-284a-49cc-b254-9dc5bbe75a1a,2025-10-15 19:12:32.36886+00,
4f91ce09-3e3a-4237-b424-a5d622c98c81,e158d4d3-f976-4b3a-b1bd-c5231f555fea,,ordered,a1446249-284a-49cc-b254-9dc5bbe75a1a,2025-09-30 20:28:26.133827+00,
50cf21c0-2c8d-40d4-a79e-ba98c83479bb,5e4b0e1f-04e4-4c3b-beaa-f416d076ffae,status_1758929953866,status_1759026641002,1bd2e7fc-cd53-412d-aa16-9f79d17dc0a8,2025-09-29 00:51:52.841474+00,
515845bd-60ee-4453-b5f0-1df4b12ca7fc,d618be06-458d-4e7a-96ff-6ef9f5e537db,ordered,ready_for_pickup,a1446249-284a-49cc-b254-9dc5bbe75a1a,2025-10-09 23:20:57.327935+00,
518cccb0-cb44-4974-9d2a-14bd138d7a99,399a5345-2b19-4919-a9ff-4c1981276bb4,,job_created,a1446249-284a-49cc-b254-9dc5bbe75a1a,2025-10-04 23:32:53.960603+00,
51c5da4c-25bd-4454-b21e-e4974d1b467c,46a616d0-5346-4473-8991-bc4aaf9ec55c,ready_for_pickup,completed,0a30693a-baed-4c99-bb81-4d11d2c43dd9,2025-10-09 19:24:54.461713+00,
522a1732-a5ba-4498-bd09-64c30e98c19b,3ed93dc9-7a11-4848-ace8-12faf0ca666e,ordered,completed,a1446249-284a-49cc-b254-9dc5bbe75a1a,2025-10-09 23:20:53.768424+00,
525780ec-1e66-4703-9637-7a9b9168f4bc,5037873c-f48e-46c4-a7dc-3bbaba6bb129,ordered,ready_for_pickup,a1446249-284a-49cc-b254-9dc5bbe75a1a,2025-10-10 23:12:29.264962+00,
52a41014-d5ba-4bad-9595-f2edb503f6bc,09daf2ec-da9f-4ba5-a669-414f437ed997,in_progress,ordered,0a30693a-baed-4c99-bb81-4d11d2c43dd9,2025-09-18 22:55:18.005967+00,
52aee9e0-5afb-4ece-a7dd-43e2e70f709a,a86224f7-cf7e-4768-aebd-40d61ce209aa,,ready_for_pickup,a1446249-284a-49cc-b254-9dc5bbe75a1a,2025-10-18 20:13:43.109867+00,
537526c6-6ac7-48b3-8b2c-86579efed6ea,58a2cbca-5734-43e5-bd09-fa82dedd9ff8,,job_created,a1446249-284a-49cc-b254-9dc5bbe75a1a,2025-10-10 21:38:28.562411+00,
568f1fc4-42cd-4993-a28d-be9f25437a49,92d1eff1-d7ad-487e-8858-81efd92ea853,,ready_for_pickup,a1446249-284a-49cc-b254-9dc5bbe75a1a,2025-09-25 17:52:11.943128+00,
5775455b-9951-428e-9f1f-77963f5561c7,5e4b0e1f-04e4-4c3b-beaa-f416d076ffae,status_1757452359948,status_1758929953866,1bd2e7fc-cd53-412d-aa16-9f79d17dc0a8,2025-09-27 00:27:37.778872+00,
586f6ecc-9c9e-4156-9005-ab1756ff22f5,a66abd83-9d35-4f67-9f2d-71bad97f0ad7,ordered,ready_for_pickup,a1446249-284a-49cc-b254-9dc5bbe75a1a,2025-10-09 23:21:00.396885+00,
58bde96d-652a-48ee-b81c-93a386ea45f9,f28daa72-1c81-459d-b1f0-4775ecfb71e3,ordered,completed,0a30693a-baed-4c99-bb81-4d11d2c43dd9,2025-10-09 19:36:49.467127+00,
59e5044e-7f22-48eb-8f93-9e1da4826c92,f671931e-2d3a-487d-9807-9f7a8909a7ed,ready_for_pickup,completed,a1446249-284a-49cc-b254-9dc5bbe75a1a,2025-10-15 22:27:37.722802+00,
5a06acd3-ea08-4195-914c-f0f53d3358c4,1efc2b4c-f910-4a82-97f5-f3a25d2b0877,job_created,ordered,a1446249-284a-49cc-b254-9dc5bbe75a1a,2025-09-29 22:07:23.797513+00,
5bff1e74-d893-4380-8437-ff4e84befaed,d618be06-458d-4e7a-96ff-6ef9f5e537db,ready_for_pickup,completed,0a30693a-baed-4c99-bb81-4d11d2c43dd9,2025-10-11 21:26:03.887203+00,
5c04c624-0c17-4a5a-88b9-2cf83f0eb940,09daf2ec-da9f-4ba5-a669-414f437ed997,ready_for_pickup,completed,0a30693a-baed-4c99-bb81-4d11d2c43dd9,2025-10-09 19:24:28.730102+00,
5c9237b5-8ed7-41d3-a729-bbc24f1b6236,7574d486-c22c-4a97-a27e-7fc4c9857ca4,status_1757452359948,quality_check,1bd2e7fc-cd53-412d-aa16-9f79d17dc0a8,2025-09-27 00:18:34.825508+00,
5cc1fcc2-285f-4c3c-8312-265f23c57739,f28daa72-1c81-459d-b1f0-4775ecfb71e3,ordered,completed,0a30693a-baed-4c99-bb81-4d11d2c43dd9,2025-10-09 19:36:49.467127+00,
5d66a90e-4a6b-4091-a1b0-77d919decd93,1756db4a-98de-4f4a-b597-2a44192a9546,,ready_for_pickup,a1446249-284a-49cc-b254-9dc5bbe75a1a,2025-09-25 17:53:56.619522+00,
5deee427-72be-4817-81fa-3dd9f8e2d08d,fefc6126-7409-4cd6-8856-91df0cd791a8,job_created,ordered,a1446249-284a-49cc-b254-9dc5bbe75a1a,2025-10-02 23:37:59.784464+00,
5ea6f153-26b2-41f8-a599-770754cf3a68,97faaadb-16e6-4c0e-b3ad-fddfb48cf559,ready_for_pickup,completed,a1446249-284a-49cc-b254-9dc5bbe75a1a,2025-10-18 22:23:24.376973+00,
5fd1303f-5c72-4577-9500-d69779cfe2f3,ffb14d4a-1689-479d-b757-2af80e168728,completed,ordered,a1446249-284a-49cc-b254-9dc5bbe75a1a,2025-09-26 21:29:25.772579+00,
6116354a-db5a-4c9b-9e70-e4ff82f240ca,a8130669-1c36-4958-a9ab-6a6f2db3bf20,ready_for_pickup,completed,a1446249-284a-49cc-b254-9dc5bbe75a1a,2025-10-17 20:03:16.884188+00,
611f7f7c-206a-4322-b16a-0946c34e0f82,ff394d74-4d70-42b3-aa7f-2d905461c498,ordered,ready_for_pickup,a1446249-284a-49cc-b254-9dc5bbe75a1a,2025-10-07 22:12:02.023085+00,
624dda63-5b5b-4449-91b6-835a6f478b77,5e4b0e1f-04e4-4c3b-beaa-f416d076ffae,job_created,ordered,1bd2e7fc-cd53-412d-aa16-9f79d17dc0a8,2025-09-27 00:27:33.208635+00,
627ca1ca-e0b3-4b8f-b362-4eb5c6ff43ce,e0173c63-7326-4c31-bdf2-7b8df08a634c,,ordered,a1446249-284a-49cc-b254-9dc5bbe75a1a,2025-09-29 23:28:55.248779+00,
62eddd72-5e7c-4714-ae93-8419b85ca160,5037873c-f48e-46c4-a7dc-3bbaba6bb129,,ordered,0a30693a-baed-4c99-bb81-4d11d2c43dd9,2025-10-01 00:20:41.842976+00,
633c524b-c1f1-4c71-9732-4e1b95fdc721,3c806b9a-99d0-43d2-ac18-61a513495c72,ready_for_pickup,completed,a1446249-284a-49cc-b254-9dc5bbe75a1a,2025-10-15 19:12:32.36886+00,
6394ddac-a14a-4505-8870-f427e4ec6ea5,f671931e-2d3a-487d-9807-9f7a8909a7ed,ordered,ready_for_pickup,0a30693a-baed-4c99-bb81-4d11d2c43dd9,2025-10-15 18:25:45.3707+00,
63fa7c09-d3f8-4b74-8ff7-3eed869e7b94,87ccd042-1987-484d-9e71-b38fcd92ed9a,,job_created,a1446249-284a-49cc-b254-9dc5bbe75a1a,2025-10-03 19:40:11.549173+00,
6487da40-ae00-4c88-bc47-99f9f932b67b,7574d486-c22c-4a97-a27e-7fc4c9857ca4,ready_for_pickup,status_1758929953866,1bd2e7fc-cd53-412d-aa16-9f79d17dc0a8,2025-09-27 00:18:31.634628+00,
64c019ab-cb15-4e97-9f30-8524dac0b419,f8626697-78f8-4245-a9c5-04937daa3306,ordered,completed,a1446249-284a-49cc-b254-9dc5bbe75a1a,2025-10-18 17:22:54.761413+00,
64c56b72-cb71-44df-a804-80c110425df7,7574d486-c22c-4a97-a27e-7fc4c9857ca4,job_created,status_1758929953866,1bd2e7fc-cd53-412d-aa16-9f79d17dc0a8,2025-09-27 00:18:37.347679+00,
64cf2b76-c926-45cd-9e59-eb86912ad101,e0173c63-7326-4c31-bdf2-7b8df08a634c,ready_for_pickup,completed,0a30693a-baed-4c99-bb81-4d11d2c43dd9,2025-10-09 19:31:01.883359+00,
6662b12b-9bcd-44da-a024-b58d203b81a2,d36ea168-5982-45cf-b3ae-72aad2120756,ordered,ready_for_pickup,0a30693a-baed-4c99-bb81-4d11d2c43dd9,2025-10-09 19:24:11.099039+00,
6719ed41-dd24-451d-a220-32303ce5c2fe,399a5345-2b19-4919-a9ff-4c1981276bb4,ordered,completed,0a30693a-baed-4c99-bb81-4d11d2c43dd9,2025-10-11 21:27:49.659892+00,
678d41a4-db15-4555-b982-b8296b802f59,5e4b0e1f-04e4-4c3b-beaa-f416d076ffae,job_created,ordered,1bd2e7fc-cd53-412d-aa16-9f79d17dc0a8,2025-09-27 00:27:33.208635+00,
680d4791-0ec3-4342-a7a9-e3de6b7176dd,0ba265e2-6162-4bb3-b6eb-e2dffc795565,ordered,ready_for_pickup,a1446249-284a-49cc-b254-9dc5bbe75a1a,2025-10-18 18:23:43.379083+00,
690c8bb5-c60c-483e-8c1b-85e41e842f23,0adfd5b4-39d0-4545-b3c6-617aace62164,ready_for_pickup,completed,0a30693a-baed-4c99-bb81-4d11d2c43dd9,2025-10-09 19:26:00.458463+00,
691bba32-f0d4-447f-9d01-21aeaf1e61b0,87ccd042-1987-484d-9e71-b38fcd92ed9a,ordered,completed,a1446249-284a-49cc-b254-9dc5bbe75a1a,2025-10-13 21:22:19.462406+00,
69cb6ca8-bc09-4748-af5d-a03bbc42baae,17f82eac-7302-46de-af26-b5292b87f55e,ready_for_pickup,completed,a1446249-284a-49cc-b254-9dc5bbe75a1a,2025-10-15 20:59:21.173702+00,
6a4db5fc-a925-41ed-902f-b1103f7e75cc,3c806b9a-99d0-43d2-ac18-61a513495c72,ordered,ready_for_pickup,a1446249-284a-49cc-b254-9dc5bbe75a1a,2025-10-15 18:54:01.288657+00,
6ad72956-201a-4fbe-a636-de4ee2235ec8,0ba265e2-6162-4bb3-b6eb-e2dffc795565,job_created,ordered,a1446249-284a-49cc-b254-9dc5bbe75a1a,2025-10-13 21:43:47.946473+00,
6ada2feb-58bc-4fa9-b4f6-26a34b9eed75,78059602-0c3d-4aa7-8a61-7bfb626ee581,ready_for_pickup,completed,0a30693a-baed-4c99-bb81-4d11d2c43dd9,2025-10-09 19:28:24.128382+00,
6baa4eea-5ddb-4f69-95ef-006be3ac7cc8,2afe54f9-cfa4-40f0-82a6-512ee5c1cbe5,,job_created,a1446249-284a-49cc-b254-9dc5bbe75a1a,2025-09-27 18:52:52.045644+00,
6d2f7696-48f5-47f6-8c85-9137d7bc2960,639619ea-ff15-4e03-a904-7e35a5bdf266,ordered,ready_for_pickup,a1446249-284a-49cc-b254-9dc5bbe75a1a,2025-10-07 21:31:32.633963+00,
6d64885b-8354-46fc-a64c-a293fe8dea0a,7574d486-c22c-4a97-a27e-7fc4c9857ca4,quality_check,job_created,1bd2e7fc-cd53-412d-aa16-9f79d17dc0a8,2025-09-27 00:18:36.095539+00,
6dc3f78d-6ef0-41ec-a17b-7dc5513a0906,571c4df4-a393-4ddf-956d-87a46009724a,ordered,job_created,1bd2e7fc-cd53-412d-aa16-9f79d17dc0a8,2025-09-11 22:26:58.840583+00,
6dc50566-c989-4507-8f8c-f45d8e00e79d,0ba265e2-6162-4bb3-b6eb-e2dffc795565,job_created,ordered,a1446249-284a-49cc-b254-9dc5bbe75a1a,2025-10-13 21:43:47.946473+00,
6e736b19-6335-4ab7-a8cf-1bedd12176f7,d7ad9ddc-bf45-47f2-80e8-03bffec50230,ordered,ready_for_pickup,0a30693a-baed-4c99-bb81-4d11d2c43dd9,2025-10-09 22:45:33.038503+00,
6e892b5c-6d0a-46f4-964e-5f45742680c0,425aa7b4-6495-4745-9192-e6ba0cf7f71d,ordered,quality_check,1bd2e7fc-cd53-412d-aa16-9f79d17dc0a8,2025-09-28 01:54:05.418358+00,
6f015509-404f-4a29-93ce-4d0106a9b602,fefc6126-7409-4cd6-8856-91df0cd791a8,ordered,ready_for_pickup,a1446249-284a-49cc-b254-9dc5bbe75a1a,2025-10-07 21:33:10.674897+00,
6f2c2d4e-4950-4483-8a8f-2576b3209bc7,425aa7b4-6495-4745-9192-e6ba0cf7f71d,job_created,status_1757452359948,1bd2e7fc-cd53-412d-aa16-9f79d17dc0a8,2025-09-28 01:53:58.154486+00,
6fcee574-7200-46c6-9c81-adf208cce8fe,97faaadb-16e6-4c0e-b3ad-fddfb48cf559,,ready_for_pickup,a1446249-284a-49cc-b254-9dc5bbe75a1a,2025-09-25 17:56:02.517193+00,
716c94b1-44ca-4d26-b66d-db33158e047c,cf1f7790-b8c2-4a60-bc4c-d4ffaebb1d15,ready_for_pickup,completed,a1446249-284a-49cc-b254-9dc5bbe75a1a,2025-10-11 00:41:08.107235+00,
71d147f7-0c1e-40d8-87cc-e3bf944952c2,e69d1d5e-00a2-4459-a047-7782157cdb49,job_created,ordered,0a30693a-baed-4c99-bb81-4d11d2c43dd9,2025-10-16 22:51:01.592066+00,
724e3797-6f26-41ea-8d18-76af012c90fd,5e4b0e1f-04e4-4c3b-beaa-f416d076ffae,ready_for_pickup,status_1757452359948,1bd2e7fc-cd53-412d-aa16-9f79d17dc0a8,2025-09-27 00:27:36.177307+00,
72764f3b-d3e2-45b9-955e-6ade14324216,e63da2bc-c53f-4bd9-b918-b4818c6163ad,,ready_for_pickup,0a30693a-baed-4c99-bb81-4d11d2c43dd9,2025-10-17 00:44:39.897248+00,
72b3c115-d492-4c5c-afb8-b6e64c76cf02,7d152a83-0a69-4eca-88ca-f3b0ebe87817,ordered,ready_for_pickup,a1446249-284a-49cc-b254-9dc5bbe75a1a,2025-10-15 19:25:28.146947+00,
72e1f4fd-85cd-471e-87f8-5baf70a6ed5c,a70e63cb-f2e5-40d3-97f6-3ed16b3545b3,ordered,ready_for_pickup,0a30693a-baed-4c99-bb81-4d11d2c43dd9,2025-10-16 22:53:34.777627+00,
73a1600f-0c71-415b-94a4-26331f4b6884,700a1c32-aaaf-49fc-b6b3-a8a21623a38c,,status_1758832364028,a1446249-284a-49cc-b254-9dc5bbe75a1a,2025-10-08 21:34:11.323031+00,
7439fd27-34ac-45e2-a50f-1ef7445de391,4c43520b-f839-4fb6-8ff5-17e59fa29197,,ordered,a1446249-284a-49cc-b254-9dc5bbe75a1a,2025-10-16 23:14:17.127755+00,
749f0201-92e3-47cf-8568-33c5bc1442b1,425aa7b4-6495-4745-9192-e6ba0cf7f71d,quality_check,status_1759026641002,1bd2e7fc-cd53-412d-aa16-9f79d17dc0a8,2025-09-28 02:31:15.017529+00,
74f94620-5237-4487-b72f-f33f61052f8a,3d48e282-b66e-46e2-a988-7479025465b1,ordered,ready_for_pickup,a1446249-284a-49cc-b254-9dc5bbe75a1a,2025-10-07 21:33:27.490424+00,
7554d8d6-5985-4bb9-b96a-96455d6628d2,5e4b0e1f-04e4-4c3b-beaa-f416d076ffae,ordered,ready_for_pickup,1bd2e7fc-cd53-412d-aa16-9f79d17dc0a8,2025-09-27 00:27:34.307369+00,
75791ecd-bbfa-4a75-94e6-17473be0257f,d7ad9ddc-bf45-47f2-80e8-03bffec50230,ready_for_pickup,completed,a1446249-284a-49cc-b254-9dc5bbe75a1a,2025-10-09 22:57:47.407413+00,
764fb0f7-c808-4a3a-a90c-201700cea7fa,cb810fc9-1377-42bd-9d1e-e1a0e5e055d8,ready_for_pickup,completed,0a30693a-baed-4c99-bb81-4d11d2c43dd9,2025-10-09 19:31:24.276466+00,
76a50d27-e74c-41a5-a1c7-1a94efd2d26e,04947dc5-c4bd-417e-bc33-012fe6ffcbd7,ordered,ready_for_pickup,a1446249-284a-49cc-b254-9dc5bbe75a1a,2025-10-16 19:27:29.784199+00,
76a74f38-5dca-49d5-b01f-b5b900e4c8d4,ffb14d4a-1689-479d-b757-2af80e168728,,ordered,0a30693a-baed-4c99-bb81-4d11d2c43dd9,2025-09-25 17:40:13.751554+00,
76a83c27-9ede-4d60-9976-9a026581b5ca,cc3e0356-6bdc-4bc4-93ec-dc8c8b0bd475,,ordered,0a30693a-baed-4c99-bb81-4d11d2c43dd9,2025-09-25 21:58:50.305296+00,
76afcabf-b138-45d9-9c82-f6b4e0b92eeb,0ee6888c-137f-40c8-abee-f43275390d7d,,ordered,a1446249-284a-49cc-b254-9dc5bbe75a1a,2025-09-26 21:23:25.802678+00,
7751b18b-720c-42ac-8b0b-0262c410e934,13030995-e7eb-4a34-b8b1-d977cfaf79ca,,ready_for_pickup,a1446249-284a-49cc-b254-9dc5bbe75a1a,2025-09-25 17:44:59.432943+00,
77974182-59fc-4cc4-b4b2-d9bb09f012e9,425aa7b4-6495-4745-9192-e6ba0cf7f71d,,job_created,1bd2e7fc-cd53-412d-aa16-9f79d17dc0a8,2025-09-27 05:38:06.853251+00,
7801b38d-cb85-4446-a6b2-5ca35320b2a9,0ba265e2-6162-4bb3-b6eb-e2dffc795565,ordered,ready_for_pickup,a1446249-284a-49cc-b254-9dc5bbe75a1a,2025-10-18 18:23:43.379083+00,
7a7efff7-b017-495e-9816-d22d09750c1b,3ed93dc9-7a11-4848-ace8-12faf0ca666e,ordered,completed,a1446249-284a-49cc-b254-9dc5bbe75a1a,2025-10-09 23:20:53.768424+00,
7a9c451b-2c74-411c-822e-691bbf0c4b66,87ccd042-1987-484d-9e71-b38fcd92ed9a,ordered,completed,a1446249-284a-49cc-b254-9dc5bbe75a1a,2025-10-13 21:22:19.462406+00,
7b4bd289-fad2-42e9-a00b-aac5d62707f8,58a2cbca-5734-43e5-bd09-fa82dedd9ff8,job_created,ordered,0a30693a-baed-4c99-bb81-4d11d2c43dd9,2025-10-15 17:04:28.646865+00,
7c94fa0f-e5e1-49e9-bcba-b708b8c282cd,f312d05b-6019-418a-a576-7f6977c457b3,completed,ready_for_pickup,a1446249-284a-49cc-b254-9dc5bbe75a1a,2025-09-25 22:40:47.118089+00,
7d359309-653a-4f07-a9e1-0ba5796b5740,6a69742b-7b2c-4b19-95a5-09b7c667972a,ready_for_pickup,completed,0a30693a-baed-4c99-bb81-4d11d2c43dd9,2025-10-09 19:28:40.585581+00,
7d70a02b-87ab-4b3f-b59f-21e731cffa26,e69d1d5e-00a2-4459-a047-7782157cdb49,job_created,ordered,0a30693a-baed-4c99-bb81-4d11d2c43dd9,2025-10-16 22:51:01.592066+00,
7e05b24a-2bc0-481a-b00c-e45d4e45d49c,2afe54f9-cfa4-40f0-82a6-512ee5c1cbe5,job_created,ordered,a1446249-284a-49cc-b254-9dc5bbe75a1a,2025-10-02 17:07:56.642072+00,
7e6d9056-f9b9-4a64-97d7-28f43273af08,e4880ec8-9ea7-49ba-9cb8-144bf624aafa,,ordered,a1446249-284a-49cc-b254-9dc5bbe75a1a,2025-09-25 17:42:12.635161+00,
7e7e4ede-85df-4388-92e7-cb1233250fb3,ddd3dd98-45dd-4c51-9d36-25e5546ee7f1,ready_for_pickup,completed,a1446249-284a-49cc-b254-9dc5bbe75a1a,2025-10-10 18:04:29.549533+00,
7f862838-5b75-4086-a645-76bbb6b06db2,571c4df4-a393-4ddf-956d-87a46009724a,job_created,completed,1bd2e7fc-cd53-412d-aa16-9f79d17dc0a8,2025-10-09 16:00:53.202057+00,
7fa8bbe1-ffe6-4953-ba74-ffaf7c7cbf2b,87ccd042-1987-484d-9e71-b38fcd92ed9a,ordered,completed,a1446249-284a-49cc-b254-9dc5bbe75a1a,2025-10-13 21:22:19.462406+00,
8197a75a-0885-4ea7-95bc-77b9ef529a2a,7574d486-c22c-4a97-a27e-7fc4c9857ca4,status_1757452359948,quality_check,1bd2e7fc-cd53-412d-aa16-9f79d17dc0a8,2025-09-27 00:18:34.825508+00,
81aad38d-2832-4332-8781-926e15608fc5,7574d486-c22c-4a97-a27e-7fc4c9857ca4,quality_check,job_created,1bd2e7fc-cd53-412d-aa16-9f79d17dc0a8,2025-09-27 00:18:36.095539+00,
81bf6ac2-f27b-4236-bc0b-93c3612fa125,a86224f7-cf7e-4768-aebd-40d61ce209aa,ready_for_pickup,completed,a1446249-284a-49cc-b254-9dc5bbe75a1a,2025-10-18 21:35:12.351215+00,
81c7fa3a-83fb-4f34-8f4a-ecb8c309fca0,88970ce2-9745-4db5-8963-0c2e68865428,,ordered,a1446249-284a-49cc-b254-9dc5bbe75a1a,2025-10-16 23:15:48.910242+00,
82d91252-8845-490d-9e45-a3aa8549984d,25d9153b-6662-4133-b4fa-86ffa06d53ad,ready_for_pickup,completed,a1446249-284a-49cc-b254-9dc5bbe75a1a,2025-10-17 22:42:39.465605+00,
83034859-13a2-4762-b449-614741e8b130,0adfd5b4-39d0-4545-b3c6-617aace62164,ready_for_pickup,completed,0a30693a-baed-4c99-bb81-4d11d2c43dd9,2025-10-09 19:26:00.458463+00,
83311188-4fb4-4422-9a7d-0a414517f14e,425aa7b4-6495-4745-9192-e6ba0cf7f71d,status_1757452359948,status_1758929953866,1bd2e7fc-cd53-412d-aa16-9f79d17dc0a8,2025-09-28 01:54:00.870883+00,
836dab8d-a5a9-4499-aad7-c78b4b20bc82,09daf2ec-da9f-4ba5-a669-414f437ed997,ready_for_pickup,completed,0a30693a-baed-4c99-bb81-4d11d2c43dd9,2025-10-09 19:24:28.730102+00,
8498aa01-bfe0-4a13-bb45-8d1caa649b60,fefc6126-7409-4cd6-8856-91df0cd791a8,,job_created,a1446249-284a-49cc-b254-9dc5bbe75a1a,2025-10-02 23:37:52.713997+00,
85f72519-5bbd-4f1c-9b07-87cd08cac50e,6a69742b-7b2c-4b19-95a5-09b7c667972a,ordered,ready_for_pickup,a1446249-284a-49cc-b254-9dc5bbe75a1a,2025-09-26 22:35:56.042795+00,
86b7f497-30a9-4917-8a7e-038477fdbd80,0cdfcf4e-1f76-4701-a831-973a21c2ed30,ready_for_pickup,completed,0a30693a-baed-4c99-bb81-4d11d2c43dd9,2025-10-17 00:44:11.711227+00,
87704e43-18a4-485a-ab8d-cb6b9de9b5c9,909acc1f-f781-408f-b93d-7d47f24970c6,,job_created,a1446249-284a-49cc-b254-9dc5bbe75a1a,2025-10-18 18:07:55.735882+00,
87c8a7f2-aa6e-4c93-98c5-a6bfffcb4c98,cf1f7790-b8c2-4a60-bc4c-d4ffaebb1d15,ordered,ready_for_pickup,a1446249-284a-49cc-b254-9dc5bbe75a1a,2025-10-10 21:37:58.182319+00,
87cd7110-ee36-4ce9-bf65-a67401046106,5037873c-f48e-46c4-a7dc-3bbaba6bb129,ordered,ready_for_pickup,a1446249-284a-49cc-b254-9dc5bbe75a1a,2025-10-10 23:12:29.264962+00,
8820cc4e-d613-4551-8ea1-68b50c8b203f,d7ad9ddc-bf45-47f2-80e8-03bffec50230,ready_for_pickup,completed,a1446249-284a-49cc-b254-9dc5bbe75a1a,2025-10-09 22:57:47.407413+00,
89502733-567e-4017-adde-ef4fb5630767,5037873c-f48e-46c4-a7dc-3bbaba6bb129,ordered,ready_for_pickup,a1446249-284a-49cc-b254-9dc5bbe75a1a,2025-10-10 23:12:29.264962+00,
8a79751c-c7a6-4266-8d97-301b1a59a349,0dae6150-9bcc-442a-826f-6a4d67960030,job_created,ordered,a1446249-284a-49cc-b254-9dc5bbe75a1a,2025-10-02 18:53:20.152995+00,
8a87a7ac-d6ea-4d37-8190-477b7f7eb07e,2afe54f9-cfa4-40f0-82a6-512ee5c1cbe5,ordered,completed,0a30693a-baed-4c99-bb81-4d11d2c43dd9,2025-10-16 00:53:35.013336+00,
8a8adfe8-3db4-441b-9ff6-106e36e41e8a,d618be06-458d-4e7a-96ff-6ef9f5e537db,ordered,ready_for_pickup,a1446249-284a-49cc-b254-9dc5bbe75a1a,2025-10-09 23:20:57.327935+00,
8abb3287-6a00-4ada-8e2a-7674113b7467,e4880ec8-9ea7-49ba-9cb8-144bf624aafa,ordered,ready_for_pickup,a1446249-284a-49cc-b254-9dc5bbe75a1a,2025-09-30 21:50:11.820345+00,
8b4d857f-a910-438b-86fd-269497d1613f,194e51d7-1bbe-4cbe-a6bc-acd422af873b,job_created,ready_for_pickup,a1446249-284a-49cc-b254-9dc5bbe75a1a,2025-09-26 22:45:46.055664+00,
8b91dbac-6d55-4ac2-8930-9c2d285706b4,f671931e-2d3a-487d-9807-9f7a8909a7ed,,in_progress,0a30693a-baed-4c99-bb81-4d11d2c43dd9,2025-09-18 22:32:10.301839+00,
8bac2443-ab8c-47c9-9e74-7ae06ba8a7fb,390eff25-69ce-4dd6-aa2f-5596c0a97bbb,,job_created,a1446249-284a-49cc-b254-9dc5bbe75a1a,2025-09-25 17:38:21.797488+00,
8c4ac1e6-ccb7-42ec-89c2-7386288d20b9,6a69742b-7b2c-4b19-95a5-09b7c667972a,,ordered,a1446249-284a-49cc-b254-9dc5bbe75a1a,2025-09-25 17:36:15.238486+00,
8c842c96-6416-499e-b07e-15343455b7e5,25d9153b-6662-4133-b4fa-86ffa06d53ad,,ordered,a1446249-284a-49cc-b254-9dc5bbe75a1a,2025-10-09 21:59:49.042736+00,
8c9a73df-a837-496c-8897-2302e3e42899,5037873c-f48e-46c4-a7dc-3bbaba6bb129,ready_for_pickup,completed,a1446249-284a-49cc-b254-9dc5bbe75a1a,2025-10-17 20:03:22.538898+00,
8cbadcc9-530e-4baf-9cf8-bfd100c48088,551f9fce-620b-4f05-9221-2607aba3ceea,,job_created,a1446249-284a-49cc-b254-9dc5bbe75a1a,2025-10-07 23:20:03.756739+00,
8d37d901-aba3-4fbf-ad6f-ec4240692e81,399a5345-2b19-4919-a9ff-4c1981276bb4,ordered,completed,0a30693a-baed-4c99-bb81-4d11d2c43dd9,2025-10-11 21:27:49.659892+00,
8d4aa4d5-2abc-4d74-818d-b2a13e7a8c20,a86224f7-cf7e-4768-aebd-40d61ce209aa,ready_for_pickup,completed,a1446249-284a-49cc-b254-9dc5bbe75a1a,2025-10-18 21:35:12.351215+00,
8d57e5e4-5535-406d-b878-f5fe73e827ff,a70e63cb-f2e5-40d3-97f6-3ed16b3545b3,ordered,ready_for_pickup,0a30693a-baed-4c99-bb81-4d11d2c43dd9,2025-10-16 22:53:34.777627+00,
8da4e15c-3c96-4b68-9e2b-fdb0d2e670a6,a86224f7-cf7e-4768-aebd-40d61ce209aa,ready_for_pickup,completed,a1446249-284a-49cc-b254-9dc5bbe75a1a,2025-10-18 21:35:12.351215+00,
8fc0a96d-ccb5-4fbe-89bf-4466128675ac,78059602-0c3d-4aa7-8a61-7bfb626ee581,ready_for_pickup,completed,0a30693a-baed-4c99-bb81-4d11d2c43dd9,2025-10-09 19:28:24.128382+00,
9050d48f-7be4-40b7-a174-a5db7a43464d,f671931e-2d3a-487d-9807-9f7a8909a7ed,in_progress,ordered,0a30693a-baed-4c99-bb81-4d11d2c43dd9,2025-09-18 22:55:22.094527+00,
91785979-7bf6-47b6-bd18-5b3ab278f06b,a70e63cb-f2e5-40d3-97f6-3ed16b3545b3,job_created,ordered,0a30693a-baed-4c99-bb81-4d11d2c43dd9,2025-09-30 01:27:11.005525+00,
91c13a5e-6e32-4e37-8302-0ecd41994e21,8a6536db-9a36-4120-9231-f6a4c019f793,,ready_for_pickup,a1446249-284a-49cc-b254-9dc5bbe75a1a,2025-09-25 17:47:55.445838+00,
9240a166-3771-4d8f-8cb5-b8c06515ebb4,46a616d0-5346-4473-8991-bc4aaf9ec55c,,ordered,0a30693a-baed-4c99-bb81-4d11d2c43dd9,2025-09-25 17:42:41.15105+00,
9241032f-e7a9-45e5-acde-5756e1a443d6,cc3e0356-6bdc-4bc4-93ec-dc8c8b0bd475,ready_for_pickup,ordered,0a30693a-baed-4c99-bb81-4d11d2c43dd9,2025-10-08 19:24:34.286638+00,
92462912-9ae8-40bd-919c-5e607787d522,e0173c63-7326-4c31-bdf2-7b8df08a634c,ready_for_pickup,completed,0a30693a-baed-4c99-bb81-4d11d2c43dd9,2025-10-09 19:31:01.883359+00,
929fb0f6-54fc-4307-8a46-7d8a90df229f,fc1e743d-5d15-4289-8bd3-0900bae728aa,,ordered,a1446249-284a-49cc-b254-9dc5bbe75a1a,2025-10-16 23:15:24.143789+00,
92ce2f62-213d-42ca-beb2-7441170a8d7d,ffb14d4a-1689-479d-b757-2af80e168728,ordered,ready_for_pickup,a1446249-284a-49cc-b254-9dc5bbe75a1a,2025-09-26 21:29:07.926996+00,
92f428eb-c881-4951-8044-9a7d8fd545ac,d618be06-458d-4e7a-96ff-6ef9f5e537db,ready_for_pickup,completed,0a30693a-baed-4c99-bb81-4d11d2c43dd9,2025-10-11 21:26:03.887203+00,
937a1851-893d-4296-a1a2-a14123b09834,646aecb8-b925-4a8c-aca9-35d662b90747,ordered,ready_for_pickup,a1446249-284a-49cc-b254-9dc5bbe75a1a,2025-09-26 22:36:08.294851+00,
9392e3a3-a060-4857-a372-d6d649527d9c,ddd3dd98-45dd-4c51-9d36-25e5546ee7f1,ready_for_pickup,completed,a1446249-284a-49cc-b254-9dc5bbe75a1a,2025-10-10 18:04:29.549533+00,
93b43ec0-564b-4a26-86f3-b794670710a0,87ccd042-1987-484d-9e71-b38fcd92ed9a,job_created,ordered,a1446249-284a-49cc-b254-9dc5bbe75a1a,2025-10-04 00:22:15.939983+00,
94e7e3fb-b9e4-4cdc-bbd6-fb55190d6716,8a198b79-c3a7-47f4-b5fc-d220abbef4fa,,ordered,a1446249-284a-49cc-b254-9dc5bbe75a1a,2025-10-14 19:33:14.696532+00,
94fb4c9d-a5e9-4d85-8846-6af829dc50ee,279a528b-addd-46a8-96cf-8178f7fc448d,ordered,ready_for_pickup,a1446249-284a-49cc-b254-9dc5bbe75a1a,2025-10-07 21:30:42.633587+00,
960b26a2-101a-4e58-9f78-720f5f157154,91d2658b-5a4e-47c8-8f0a-182bf640cfd2,,ordered,a1446249-284a-49cc-b254-9dc5bbe75a1a,2025-10-14 21:34:23.944333+00,
96641cc9-bbdb-459f-83bc-faaeea52431e,7d152a83-0a69-4eca-88ca-f3b0ebe87817,job_created,ordered,a1446249-284a-49cc-b254-9dc5bbe75a1a,2025-10-07 18:40:46.887336+00,
967a1701-e4ed-4328-b6e1-8959eee2cc1b,0ee6888c-137f-40c8-abee-f43275390d7d,ordered,ready_for_pickup,a1446249-284a-49cc-b254-9dc5bbe75a1a,2025-10-07 21:33:24.79074+00,
967b743b-eeeb-450c-898a-eb093f83f62d,6e4451d9-a81c-4f61-893d-4f61388d43ad,ordered,completed,0a30693a-baed-4c99-bb81-4d11d2c43dd9,2025-10-09 19:34:43.118392+00,
967dc2a2-5aa2-4dc1-a236-3113b38c8432,0cdfcf4e-1f76-4701-a831-973a21c2ed30,ready_for_pickup,completed,0a30693a-baed-4c99-bb81-4d11d2c43dd9,2025-10-17 00:44:11.711227+00,
9685575e-4494-46c9-9665-8c0fe59ac668,a66abd83-9d35-4f67-9f2d-71bad97f0ad7,ready_for_pickup,completed,a1446249-284a-49cc-b254-9dc5bbe75a1a,2025-10-14 19:50:45.235076+00,
98541204-f130-4874-8c8e-f56537a08b18,04947dc5-c4bd-417e-bc33-012fe6ffcbd7,ordered,ready_for_pickup,a1446249-284a-49cc-b254-9dc5bbe75a1a,2025-10-16 19:27:29.784199+00,
98850c94-9be3-4247-9bad-4c887ef68518,3c806b9a-99d0-43d2-ac18-61a513495c72,ready_for_pickup,completed,a1446249-284a-49cc-b254-9dc5bbe75a1a,2025-10-15 19:12:32.36886+00,
9922564b-dba5-4539-b5cb-b02b07e62745,6e4451d9-a81c-4f61-893d-4f61388d43ad,ordered,completed,0a30693a-baed-4c99-bb81-4d11d2c43dd9,2025-10-09 19:34:43.118392+00,
99a5850c-6ca5-4b38-be62-eb1fc99a8e2a,cc3e0356-6bdc-4bc4-93ec-dc8c8b0bd475,ordered,ready_for_pickup,a1446249-284a-49cc-b254-9dc5bbe75a1a,2025-10-01 21:17:52.116221+00,
99d9d258-4033-4bc6-98a0-35e3f6508f9c,46a616d0-5346-4473-8991-bc4aaf9ec55c,ordered,ready_for_pickup,a1446249-284a-49cc-b254-9dc5bbe75a1a,2025-09-26 22:47:45.642898+00,
9a64e2ad-8826-4b17-9868-219cdb0347ef,ffb14d4a-1689-479d-b757-2af80e168728,status_1758832364028,completed,0a30693a-baed-4c99-bb81-4d11d2c43dd9,2025-10-09 19:24:19.459375+00,
9b25b663-b8e9-4785-a911-78f5d4bf6b72,cc3e0356-6bdc-4bc4-93ec-dc8c8b0bd475,ordered,ready_for_pickup,a1446249-284a-49cc-b254-9dc5bbe75a1a,2025-10-10 23:12:15.767696+00,
9b881a11-9564-402a-9b3b-8808af96805f,5af1b324-4035-4b68-8e3a-225069aef3ba,job_created,ordered,a1446249-284a-49cc-b254-9dc5bbe75a1a,2025-09-30 17:05:34.469469+00,
9b944ec5-7d5b-4bcb-b952-7bb87067b0be,ff394d74-4d70-42b3-aa7f-2d905461c498,ordered,ready_for_pickup,a1446249-284a-49cc-b254-9dc5bbe75a1a,2025-10-07 22:12:02.023085+00,
9cb003a8-a0a3-46e4-aa6c-7b8e448c2df7,17f82eac-7302-46de-af26-b5292b87f55e,ready_for_pickup,completed,a1446249-284a-49cc-b254-9dc5bbe75a1a,2025-10-15 20:59:21.173702+00,
9f2b95e9-56c9-4f8d-826c-693943846de4,97052081-df0e-43b0-94dd-8d3479ebad12,job_created,ordered,a1446249-284a-49cc-b254-9dc5bbe75a1a,2025-10-15 00:40:41.431529+00,
9f477c19-ae84-47e9-ae3b-684eba79e4da,e4880ec8-9ea7-49ba-9cb8-144bf624aafa,ordered,ready_for_pickup,a1446249-284a-49cc-b254-9dc5bbe75a1a,2025-09-30 21:50:11.820345+00,
9f5e2e32-e08c-43a0-b65b-1e536a2daff2,ffb14d4a-1689-479d-b757-2af80e168728,ready_for_pickup,status_1758832364028,0a30693a-baed-4c99-bb81-4d11d2c43dd9,2025-09-27 00:34:50.174223+00,
9fdde353-af47-487d-a554-278313a034bf,fbc39a50-e2a7-47f5-a8bf-74af7f80f77b,ordered,ready_for_pickup,a1446249-284a-49cc-b254-9dc5bbe75a1a,2025-09-26 22:45:19.186562+00,
9ff9ec95-74a4-4855-9c13-1910d52cc616,78059602-0c3d-4aa7-8a61-7bfb626ee581,ready_for_pickup,completed,0a30693a-baed-4c99-bb81-4d11d2c43dd9,2025-10-09 19:28:24.128382+00,
a0be36dd-57be-4ac3-80f7-f9bf37b82aa7,fefc6126-7409-4cd6-8856-91df0cd791a8,ready_for_pickup,completed,0a30693a-baed-4c99-bb81-4d11d2c43dd9,2025-10-09 19:34:58.450305+00,
a14788ef-11c5-4dbd-af52-270a44e751af,e0173c63-7326-4c31-bdf2-7b8df08a634c,ready_for_pickup,completed,0a30693a-baed-4c99-bb81-4d11d2c43dd9,2025-10-09 19:31:01.883359+00,
a14ca821-810c-4969-9609-8cb4035f0d17,f671931e-2d3a-487d-9807-9f7a8909a7ed,ready_for_pickup,completed,a1446249-284a-49cc-b254-9dc5bbe75a1a,2025-10-15 22:27:37.722802+00,
a2d028a5-8aed-4b15-bde1-98f09a64fc92,3ed93dc9-7a11-4848-ace8-12faf0ca666e,ordered,completed,a1446249-284a-49cc-b254-9dc5bbe75a1a,2025-10-09 23:20:53.768424+00,
a2fde867-bc00-428a-9af7-dd743b6342bb,e27f5173-923f-42f0-b0de-211d65a783a6,ordered,completed,0a30693a-baed-4c99-bb81-4d11d2c43dd9,2025-10-11 21:19:50.025997+00,
a3374e32-5684-49c2-a250-1506c4d7d8a5,a8130669-1c36-4958-a9ab-6a6f2db3bf20,ready_for_pickup,completed,a1446249-284a-49cc-b254-9dc5bbe75a1a,2025-10-17 20:03:16.884188+00,
a37ee66e-e5a8-4b76-a75b-0ca61c334d5b,e27f5173-923f-42f0-b0de-211d65a783a6,ordered,completed,0a30693a-baed-4c99-bb81-4d11d2c43dd9,2025-10-11 21:19:50.025997+00,
a59f9b69-f4d6-4767-8c58-51cae9e83d28,f0c7b500-dc60-4481-8180-8bed39cf3cb3,ordered,ready_for_pickup,a1446249-284a-49cc-b254-9dc5bbe75a1a,2025-10-18 18:23:45.215479+00,
a63377ad-9d3c-4585-95de-63ba4bc705f3,f8626697-78f8-4245-a9c5-04937daa3306,ordered,completed,a1446249-284a-49cc-b254-9dc5bbe75a1a,2025-10-18 17:22:54.761413+00,
a6c0e31d-63fc-4ff7-a56b-728537001e24,5037873c-f48e-46c4-a7dc-3bbaba6bb129,ready_for_pickup,completed,a1446249-284a-49cc-b254-9dc5bbe75a1a,2025-10-17 20:03:22.538898+00,
a723bf31-4cf8-4831-a397-36274e55c5d7,04947dc5-c4bd-417e-bc33-012fe6ffcbd7,ordered,ready_for_pickup,a1446249-284a-49cc-b254-9dc5bbe75a1a,2025-10-16 19:27:29.784199+00,
a811fbae-915d-4e9d-857a-7ab92de31ee6,87ccd042-1987-484d-9e71-b38fcd92ed9a,job_created,ordered,a1446249-284a-49cc-b254-9dc5bbe75a1a,2025-10-04 00:22:15.939983+00,
a907cff9-50de-4825-932b-49bf4f85e4fa,97052081-df0e-43b0-94dd-8d3479ebad12,,job_created,a1446249-284a-49cc-b254-9dc5bbe75a1a,2025-10-14 21:01:37.836371+00,
a923a36d-6aad-44d7-92b6-6dfa79660270,571c4df4-a393-4ddf-956d-87a46009724a,ordered,job_created,1bd2e7fc-cd53-412d-aa16-9f79d17dc0a8,2025-09-11 22:26:58.840583+00,
a9341d1a-cce2-41d0-bd7f-7065c995c702,551f9fce-620b-4f05-9221-2607aba3ceea,job_created,ordered,a1446249-284a-49cc-b254-9dc5bbe75a1a,2025-10-09 23:21:04.099594+00,
aa0e893a-f1c0-42f8-9d8a-50b0168b65e5,f28daa72-1c81-459d-b1f0-4775ecfb71e3,job_created,ordered,a1446249-284a-49cc-b254-9dc5bbe75a1a,2025-09-25 17:27:28.515122+00,
aaa50afa-4e2a-401e-9a81-86c6ba77f98f,97faaadb-16e6-4c0e-b3ad-fddfb48cf559,ready_for_pickup,completed,a1446249-284a-49cc-b254-9dc5bbe75a1a,2025-10-18 22:23:24.376973+00,
aaec4241-85a3-483f-bddd-6870a73f7207,b86e722c-1594-4ed9-972e-ff16ba8e950c,,ready_for_pickup,a1446249-284a-49cc-b254-9dc5bbe75a1a,2025-09-25 17:46:40.687534+00,
ab1ba9ca-3f47-4daa-8a9b-2b042e133562,e27f5173-923f-42f0-b0de-211d65a783a6,,job_created,0a30693a-baed-4c99-bb81-4d11d2c43dd9,2025-10-01 00:20:21.601404+00,
ab4533f9-6988-4aaf-b3c7-3bd080798a8d,e69d1d5e-00a2-4459-a047-7782157cdb49,job_created,ordered,0a30693a-baed-4c99-bb81-4d11d2c43dd9,2025-10-16 22:51:01.592066+00,
ab60ab24-c831-483f-a268-fc5bc7e6b7a0,58a2cbca-5734-43e5-bd09-fa82dedd9ff8,job_created,ordered,0a30693a-baed-4c99-bb81-4d11d2c43dd9,2025-10-15 17:04:28.646865+00,
acd0e7d2-70fd-4af0-b8c0-d779935a2576,639619ea-ff15-4e03-a904-7e35a5bdf266,ordered,ready_for_pickup,a1446249-284a-49cc-b254-9dc5bbe75a1a,2025-10-07 21:31:32.633963+00,
aced481c-e278-4273-b74d-daae81db1489,0adfd5b4-39d0-4545-b3c6-617aace62164,,ready_for_pickup,a1446249-284a-49cc-b254-9dc5bbe75a1a,2025-09-25 18:00:35.658372+00,
ad8b6344-1ab2-45d3-9c1d-7315ff54e0ca,a70e63cb-f2e5-40d3-97f6-3ed16b3545b3,,job_created,a1446249-284a-49cc-b254-9dc5bbe75a1a,2025-09-27 23:07:21.698414+00,
ae395413-8c69-459d-8609-2f0e8b8ec145,7574d486-c22c-4a97-a27e-7fc4c9857ca4,job_created,status_1758929953866,1bd2e7fc-cd53-412d-aa16-9f79d17dc0a8,2025-09-27 00:18:37.347679+00,
aeb49c97-4e62-4800-9e8e-e0c59eebcfb1,3c806b9a-99d0-43d2-ac18-61a513495c72,ordered,ready_for_pickup,a1446249-284a-49cc-b254-9dc5bbe75a1a,2025-10-15 18:54:01.288657+00,
aeee939f-55ff-48cd-9a66-36cd26bf20f2,2afe54f9-cfa4-40f0-82a6-512ee5c1cbe5,ordered,completed,0a30693a-baed-4c99-bb81-4d11d2c43dd9,2025-10-16 00:53:35.013336+00,
af4c9165-b481-45ac-a43a-23dfabcb6086,551f9fce-620b-4f05-9221-2607aba3ceea,job_created,ordered,a1446249-284a-49cc-b254-9dc5bbe75a1a,2025-10-09 23:21:04.099594+00,
af788f58-c953-4dba-af5c-0686d1005d0a,d967dec9-c288-4d4d-a642-093ad91b9da3,,ordered,a1446249-284a-49cc-b254-9dc5bbe75a1a,2025-10-04 00:22:53.108997+00,
afcd23c9-2533-4f03-abe7-f0040ab82eee,ef397704-0d28-4c14-b9ba-2ae7fab1459c,ready_for_pickup,completed,a1446249-284a-49cc-b254-9dc5bbe75a1a,2025-10-11 00:40:56.978687+00,
b07eb20f-09be-49b6-be21-1f9275bfa52d,ffb14d4a-1689-479d-b757-2af80e168728,ordered,ready_for_pickup,a1446249-284a-49cc-b254-9dc5bbe75a1a,2025-09-26 22:37:00.595443+00,
b09c5014-97ce-4c91-a5d0-63a49087e53f,194e51d7-1bbe-4cbe-a6bc-acd422af873b,ready_for_pickup,completed,0a30693a-baed-4c99-bb81-4d11d2c43dd9,2025-10-09 20:28:46.690614+00,
b1477439-d713-4393-9aef-f88ceba004ff,0ba265e2-6162-4bb3-b6eb-e2dffc795565,ordered,ready_for_pickup,a1446249-284a-49cc-b254-9dc5bbe75a1a,2025-10-18 18:23:43.379083+00,
b1ced40d-37dd-4547-bca6-8ab93d59b77b,646aecb8-b925-4a8c-aca9-35d662b90747,ordered,ready_for_pickup,a1446249-284a-49cc-b254-9dc5bbe75a1a,2025-09-26 22:36:08.294851+00,
b2a5e881-4e56-40a1-96d0-83304fff746c,425aa7b4-6495-4745-9192-e6ba0cf7f71d,status_1758929953866,ordered,1bd2e7fc-cd53-412d-aa16-9f79d17dc0a8,2025-09-28 01:54:03.24087+00,
b2f6b8d9-d624-4993-8359-e608d89aa32c,46a616d0-5346-4473-8991-bc4aaf9ec55c,ready_for_pickup,completed,0a30693a-baed-4c99-bb81-4d11d2c43dd9,2025-10-09 19:24:54.461713+00,
b3182e81-39a3-4f35-bf7b-234a79f726c3,3c806b9a-99d0-43d2-ac18-61a513495c72,ordered,ready_for_pickup,a1446249-284a-49cc-b254-9dc5bbe75a1a,2025-10-15 18:54:01.288657+00,
b328a86e-a4fd-4e16-90c2-26e42c5b7e80,f671931e-2d3a-487d-9807-9f7a8909a7ed,ready_for_pickup,completed,a1446249-284a-49cc-b254-9dc5bbe75a1a,2025-10-15 22:27:37.722802+00,
b32e7e75-5a01-4113-a89c-ca80d6b0eacc,97faaadb-16e6-4c0e-b3ad-fddfb48cf559,ready_for_pickup,completed,a1446249-284a-49cc-b254-9dc5bbe75a1a,2025-10-18 22:23:24.376973+00,
b3bd1adb-8532-4858-a5a5-44d058bc81c5,ffb14d4a-1689-479d-b757-2af80e168728,ordered,ready_for_pickup,a1446249-284a-49cc-b254-9dc5bbe75a1a,2025-09-26 22:37:00.595443+00,
b40c0ae0-7e71-47be-9ab5-3e4c00d63312,279a528b-addd-46a8-96cf-8178f7fc448d,ordered,ready_for_pickup,a1446249-284a-49cc-b254-9dc5bbe75a1a,2025-10-07 21:30:42.633587+00,
b4560bcc-17cd-4eeb-8a5b-258d5d674594,fefc6126-7409-4cd6-8856-91df0cd791a8,ready_for_pickup,completed,0a30693a-baed-4c99-bb81-4d11d2c43dd9,2025-10-09 19:34:58.450305+00,
b525f275-5aad-46ed-877e-c7b0552ce21a,390eff25-69ce-4dd6-aa2f-5596c0a97bbb,ready_for_pickup,completed,0a30693a-baed-4c99-bb81-4d11d2c43dd9,2025-10-11 21:23:13.601027+00,
b5d46723-e701-4788-aaec-3bb0d915fc52,a70e63cb-f2e5-40d3-97f6-3ed16b3545b3,job_created,ordered,0a30693a-baed-4c99-bb81-4d11d2c43dd9,2025-09-30 01:27:11.005525+00,
b6c64d1b-094f-4ac9-a897-0a7a9799d6da,04947dc5-c4bd-417e-bc33-012fe6ffcbd7,ready_for_pickup,completed,a1446249-284a-49cc-b254-9dc5bbe75a1a,2025-10-16 20:25:20.606354+00,
b6cbb02b-349b-48b8-8e6c-50a0e538e585,ddd3dd98-45dd-4c51-9d36-25e5546ee7f1,ordered,ready_for_pickup,a1446249-284a-49cc-b254-9dc5bbe75a1a,2025-10-07 21:10:49.026555+00,
b6d861f6-3732-4675-b59e-f012e1ef824e,87ccd042-1987-484d-9e71-b38fcd92ed9a,ordered,completed,a1446249-284a-49cc-b254-9dc5bbe75a1a,2025-10-13 21:22:19.462406+00,
b6f3db81-1dd9-4c42-afe5-8d17e9bd0d9d,93f0cf4e-3acd-4991-b4eb-470adcc875d3,,ready_for_pickup,a1446249-284a-49cc-b254-9dc5bbe75a1a,2025-09-25 18:03:33.739531+00,
b80232e5-2ca2-4a19-b848-f4d591b193bf,09daf2ec-da9f-4ba5-a669-414f437ed997,ordered,ready_for_pickup,0a30693a-baed-4c99-bb81-4d11d2c43dd9,2025-10-02 21:13:23.961421+00,
b82220c3-31b9-45dd-a3c8-4aa10093eb66,1efc2b4c-f910-4a82-97f5-f3a25d2b0877,,job_created,a1446249-284a-49cc-b254-9dc5bbe75a1a,2025-09-29 22:07:18.682658+00,
b8750837-ff74-40f0-9d3f-dd9404479f81,e69d1d5e-00a2-4459-a047-7782157cdb49,,job_created,0a30693a-baed-4c99-bb81-4d11d2c43dd9,2025-10-16 22:50:55.783907+00,
b8ec22ed-6190-48bc-af70-00198862e435,390eff25-69ce-4dd6-aa2f-5596c0a97bbb,ready_for_pickup,completed,0a30693a-baed-4c99-bb81-4d11d2c43dd9,2025-10-11 21:23:13.601027+00,
b93d01a3-188b-4d76-bc6d-0b8d2641f236,571c4df4-a393-4ddf-956d-87a46009724a,job_created,completed,1bd2e7fc-cd53-412d-aa16-9f79d17dc0a8,2025-10-09 16:00:53.202057+00,
b9e9162b-1f94-4c94-b073-da9826ac1abb,d618be06-458d-4e7a-96ff-6ef9f5e537db,ordered,ready_for_pickup,a1446249-284a-49cc-b254-9dc5bbe75a1a,2025-10-09 23:20:57.327935+00,
ba33bf7e-df8b-4ef8-a69b-efee669308ee,d7ad9ddc-bf45-47f2-80e8-03bffec50230,ready_for_pickup,completed,a1446249-284a-49cc-b254-9dc5bbe75a1a,2025-10-09 22:57:47.407413+00,
bad20d8b-85bb-49a5-bb1d-160d0be3cb5f,fefc6126-7409-4cd6-8856-91df0cd791a8,ready_for_pickup,completed,0a30693a-baed-4c99-bb81-4d11d2c43dd9,2025-10-09 19:34:58.450305+00,
bad3aa11-6c99-464a-bb58-c608ec328e34,a68ced64-b9cd-464b-87f2-2f0bb604adba,ordered,ready_for_pickup,a1446249-284a-49cc-b254-9dc5bbe75a1a,2025-10-18 20:12:30.115823+00,
bb5d2472-2369-41d0-8f9f-8e54d18e04b6,f28daa72-1c81-459d-b1f0-4775ecfb71e3,,job_created,a1446249-284a-49cc-b254-9dc5bbe75a1a,2025-09-25 17:25:20.686527+00,
bcff4b24-e73d-41e3-9f2c-fa412919842c,1f4a6321-58cb-43e7-9953-dc3e854fbf48,job_created,ordered,a1446249-284a-49cc-b254-9dc5bbe75a1a,2025-09-25 17:27:26.886698+00,
bd839c64-d3ac-4d5e-ba1e-224631c959c1,1efc2b4c-f910-4a82-97f5-f3a25d2b0877,job_created,ordered,a1446249-284a-49cc-b254-9dc5bbe75a1a,2025-09-29 22:07:23.797513+00,
be682594-abc0-43a6-bbe3-43b5230dc0da,7574d486-c22c-4a97-a27e-7fc4c9857ca4,ready_for_pickup,status_1758929953866,1bd2e7fc-cd53-412d-aa16-9f79d17dc0a8,2025-09-27 00:18:31.634628+00,
bec6fd33-8305-43f0-94cb-e765db2806f9,390eff25-69ce-4dd6-aa2f-5596c0a97bbb,ordered,ready_for_pickup,a1446249-284a-49cc-b254-9dc5bbe75a1a,2025-09-26 22:35:38.487755+00,
bf410c38-a6ea-4331-9552-ebb375b6ea43,46a616d0-5346-4473-8991-bc4aaf9ec55c,ordered,ready_for_pickup,a1446249-284a-49cc-b254-9dc5bbe75a1a,2025-09-26 22:47:45.642898+00,
c0b850ad-2bd5-474d-85b7-79d6a92eae18,3c806b9a-99d0-43d2-ac18-61a513495c72,ordered,ready_for_pickup,a1446249-284a-49cc-b254-9dc5bbe75a1a,2025-10-15 18:54:01.288657+00,
c42beb1e-4b10-49eb-b7f4-a51559cd0aac,84dc63b0-8e5d-49c2-8c9c-b51a63bfe8e0,,ordered,a1446249-284a-49cc-b254-9dc5bbe75a1a,2025-10-16 23:14:02.347242+00,
c482f529-32e6-490e-ba26-bd9342f76d23,c5ec76eb-2d9d-4110-9cd4-18d85fee2c4c,ordered,ready_for_pickup,0a30693a-baed-4c99-bb81-4d11d2c43dd9,2025-10-02 21:15:08.44084+00,
c4c6bb7a-6bd1-47c9-a162-81ffa7685f16,e0463789-0003-4f05-a8c1-6dfc79b4c945,,ready_for_pickup,a1446249-284a-49cc-b254-9dc5bbe75a1a,2025-10-02 19:33:14.583673+00,
c5110c57-8523-447d-b0fe-dc75d23bb936,d7ad9ddc-bf45-47f2-80e8-03bffec50230,job_created,ordered,a1446249-284a-49cc-b254-9dc5bbe75a1a,2025-10-04 00:22:17.547545+00,
c527a20c-4646-4c96-a3c0-ec67b2de9166,5bbc1455-5abd-4439-a9ea-28a6750c3000,,job_created,0a30693a-baed-4c99-bb81-4d11d2c43dd9,2025-10-17 00:41:47.417083+00,
c557725a-b7e1-471a-b4b1-d7947e9a7ae7,cc3e0356-6bdc-4bc4-93ec-dc8c8b0bd475,ready_for_pickup,completed,0a30693a-baed-4c99-bb81-4d11d2c43dd9,2025-10-16 22:53:10.788744+00,
c61eb92d-bfa1-44d2-8824-f2753e1d777e,ffb14d4a-1689-479d-b757-2af80e168728,status_1758832364028,completed,0a30693a-baed-4c99-bb81-4d11d2c43dd9,2025-10-09 19:24:19.459375+00,
c7378a82-da01-4845-a3f4-2af3df582650,cf1f7790-b8c2-4a60-bc4c-d4ffaebb1d15,ordered,ready_for_pickup,a1446249-284a-49cc-b254-9dc5bbe75a1a,2025-10-10 21:37:58.182319+00,
c799f266-7dcb-4f03-81af-6a3308524b71,17f82eac-7302-46de-af26-b5292b87f55e,ready_for_pickup,completed,a1446249-284a-49cc-b254-9dc5bbe75a1a,2025-10-15 20:59:21.173702+00,
c7c39492-682c-446c-a8d8-fdae75685a36,e69d1d5e-00a2-4459-a047-7782157cdb49,job_created,ordered,0a30693a-baed-4c99-bb81-4d11d2c43dd9,2025-10-16 22:51:01.592066+00,
c7cc7edc-c52c-409a-b4a4-539c396b5192,646aecb8-b925-4a8c-aca9-35d662b90747,ready_for_pickup,completed,0a30693a-baed-4c99-bb81-4d11d2c43dd9,2025-10-11 21:25:50.105709+00,
c8abf5f8-522d-4c85-b163-d132f8ec60ee,09daf2ec-da9f-4ba5-a669-414f437ed997,ready_for_pickup,completed,0a30693a-baed-4c99-bb81-4d11d2c43dd9,2025-10-09 19:24:28.730102+00,
c8c5b11c-1867-4fd3-be41-40365d4471ad,279a528b-addd-46a8-96cf-8178f7fc448d,,ordered,a1446249-284a-49cc-b254-9dc5bbe75a1a,2025-09-29 23:19:25.297884+00,
c953e762-3f4b-49d7-9aa1-1c351e221795,04947dc5-c4bd-417e-bc33-012fe6ffcbd7,,ordered,a1446249-284a-49cc-b254-9dc5bbe75a1a,2025-10-15 00:45:51.944389+00,
ca9c61c0-a95f-4540-9061-ecebc25f6978,f8626697-78f8-4245-a9c5-04937daa3306,ordered,completed,a1446249-284a-49cc-b254-9dc5bbe75a1a,2025-10-18 17:22:54.761413+00,
cad97775-fd97-4ae6-8dfc-dc229ea556e7,17f82eac-7302-46de-af26-b5292b87f55e,,ordered,0a30693a-baed-4c99-bb81-4d11d2c43dd9,2025-09-18 22:40:29.417253+00,
cb787d5c-8bae-42d4-8785-c0ddd821f602,09daf2ec-da9f-4ba5-a669-414f437ed997,in_progress,ordered,0a30693a-baed-4c99-bb81-4d11d2c43dd9,2025-09-18 22:55:18.005967+00,
cbc5b036-8f21-4862-880b-690f77fdacf4,d618be06-458d-4e7a-96ff-6ef9f5e537db,ready_for_pickup,completed,0a30693a-baed-4c99-bb81-4d11d2c43dd9,2025-10-11 21:26:03.887203+00,
cc7bf6c2-e66d-4500-9f53-605fc02c4b8c,09daf2ec-da9f-4ba5-a669-414f437ed997,ready_for_pickup,completed,0a30693a-baed-4c99-bb81-4d11d2c43dd9,2025-10-09 19:24:28.730102+00,
ccc18bbd-7d57-446b-b720-203957276826,a66abd83-9d35-4f67-9f2d-71bad97f0ad7,,ordered,a1446249-284a-49cc-b254-9dc5bbe75a1a,2025-10-07 23:19:31.605197+00,
cd0a0f59-df03-4543-ac5d-23abfeb7a85d,551f9fce-620b-4f05-9221-2607aba3ceea,job_created,ordered,a1446249-284a-49cc-b254-9dc5bbe75a1a,2025-10-09 23:21:04.099594+00,
ce54c635-bd75-4b38-824e-1728c9491af6,09daf2ec-da9f-4ba5-a669-414f437ed997,ordered,ready_for_pickup,0a30693a-baed-4c99-bb81-4d11d2c43dd9,2025-10-02 21:13:23.961421+00,
cef1897b-f11c-4f2d-9dc6-fce128400a24,5e4b0e1f-04e4-4c3b-beaa-f416d076ffae,ordered,ready_for_pickup,1bd2e7fc-cd53-412d-aa16-9f79d17dc0a8,2025-09-27 00:27:34.307369+00,
d06f180a-4825-4d80-a9c8-2ee03a506876,1f4a6321-58cb-43e7-9953-dc3e854fbf48,ordered,ready_for_pickup,0a30693a-baed-4c99-bb81-4d11d2c43dd9,2025-09-30 01:27:58.68806+00,
d0abddee-33d5-4708-b203-ffc88ff24ea6,f671931e-2d3a-487d-9807-9f7a8909a7ed,ready_for_pickup,completed,a1446249-284a-49cc-b254-9dc5bbe75a1a,2025-10-15 22:27:37.722802+00,
d0e2f71a-9d92-41a2-b320-50782e91f4f9,f671931e-2d3a-487d-9807-9f7a8909a7ed,ordered,ready_for_pickup,0a30693a-baed-4c99-bb81-4d11d2c43dd9,2025-10-15 18:25:45.3707+00,
d117474e-476e-4dcc-9f95-b95833521b52,0ba265e2-6162-4bb3-b6eb-e2dffc795565,job_created,ordered,a1446249-284a-49cc-b254-9dc5bbe75a1a,2025-10-13 21:43:47.946473+00,
d14c9a67-d0f6-4114-bed9-37808f6de6c9,0dae6150-9bcc-442a-826f-6a4d67960030,job_created,ordered,a1446249-284a-49cc-b254-9dc5bbe75a1a,2025-10-02 18:53:20.152995+00,
d175960d-0d99-4d8a-bd38-72c5a2ab0c17,cf1f7790-b8c2-4a60-bc4c-d4ffaebb1d15,,ordered,0a30693a-baed-4c99-bb81-4d11d2c43dd9,2025-09-25 17:43:55.126521+00,
d1a70d36-7784-47e4-bfe6-fe2106b520d8,7574d486-c22c-4a97-a27e-7fc4c9857ca4,status_1758929953866,status_1757452359948,1bd2e7fc-cd53-412d-aa16-9f79d17dc0a8,2025-09-27 00:26:49.59367+00,
d1c62bd4-3aac-45ab-bd44-f905ecf20502,cf1f7790-b8c2-4a60-bc4c-d4ffaebb1d15,ordered,ready_for_pickup,a1446249-284a-49cc-b254-9dc5bbe75a1a,2025-10-10 21:37:58.182319+00,
d395a632-eff5-470f-8e98-8348ca75877a,25d9153b-6662-4133-b4fa-86ffa06d53ad,ordered,ready_for_pickup,0a30693a-baed-4c99-bb81-4d11d2c43dd9,2025-10-17 00:45:17.504895+00,
d4b93fa0-48a3-41dd-bb02-84a25fe6b64e,a66abd83-9d35-4f67-9f2d-71bad97f0ad7,ordered,ready_for_pickup,a1446249-284a-49cc-b254-9dc5bbe75a1a,2025-10-09 23:21:00.396885+00,
d4f8a243-4d38-411f-93b4-0d5ca001835f,e27f5173-923f-42f0-b0de-211d65a783a6,ordered,completed,0a30693a-baed-4c99-bb81-4d11d2c43dd9,2025-10-11 21:19:50.025997+00,
d6398726-94ea-47c6-8e67-9022a22f2298,f8626697-78f8-4245-a9c5-04937daa3306,ordered,completed,a1446249-284a-49cc-b254-9dc5bbe75a1a,2025-10-18 17:22:54.761413+00,
d64356b5-9c9b-41dc-b395-56456f023bc1,f671931e-2d3a-487d-9807-9f7a8909a7ed,ordered,ready_for_pickup,0a30693a-baed-4c99-bb81-4d11d2c43dd9,2025-10-15 18:25:45.3707+00,
d8b1036a-6287-420b-885a-4b8850760233,425aa7b4-6495-4745-9192-e6ba0cf7f71d,status_1758929953866,ordered,1bd2e7fc-cd53-412d-aa16-9f79d17dc0a8,2025-09-28 01:54:03.24087+00,
d8c75187-17b0-4b90-8d86-9e6f5535f066,1f4a6321-58cb-43e7-9953-dc3e854fbf48,job_created,ordered,a1446249-284a-49cc-b254-9dc5bbe75a1a,2025-09-25 17:27:26.886698+00,
d9167514-8a60-43e4-afc1-bab4d696caa5,d2ec213a-d039-48a3-8c2f-3ef726a0687f,,ordered,a1446249-284a-49cc-b254-9dc5bbe75a1a,2025-10-15 00:40:36.492786+00,
d9715638-ce15-4cb5-b0e1-b280a12a227c,a68ced64-b9cd-464b-87f2-2f0bb604adba,ordered,ready_for_pickup,a1446249-284a-49cc-b254-9dc5bbe75a1a,2025-10-18 20:12:30.115823+00,
da76e5d8-e0a7-4702-85dc-1e97621f53ff,6e4451d9-a81c-4f61-893d-4f61388d43ad,ordered,completed,0a30693a-baed-4c99-bb81-4d11d2c43dd9,2025-10-09 19:34:43.118392+00,
dbb02c50-586e-4ca7-b154-1ee4c8a564ec,0dae6150-9bcc-442a-826f-6a4d67960030,,job_created,0a30693a-baed-4c99-bb81-4d11d2c43dd9,2025-10-01 01:16:10.804342+00,
dbd0dbfa-8c64-4b3f-adb8-78c6a60f9c58,d36ea168-5982-45cf-b3ae-72aad2120756,,ordered,a1446249-284a-49cc-b254-9dc5bbe75a1a,2025-09-30 17:04:38.938251+00,
dc067e94-67c8-4f33-a6bd-8e167d3b9d9f,5e4b0e1f-04e4-4c3b-beaa-f416d076ffae,ready_for_pickup,status_1757452359948,1bd2e7fc-cd53-412d-aa16-9f79d17dc0a8,2025-09-27 00:27:36.177307+00,
dcdb3846-0083-4a7d-9a3e-4ab1c1329da8,e158d4d3-f976-4b3a-b1bd-c5231f555fea,ordered,ready_for_pickup,0a30693a-baed-4c99-bb81-4d11d2c43dd9,2025-10-16 22:53:44.442253+00,
dd2c7b26-228d-4fec-a67d-9657b4a956d4,7d152a83-0a69-4eca-88ca-f3b0ebe87817,ready_for_pickup,completed,a1446249-284a-49cc-b254-9dc5bbe75a1a,2025-10-15 20:36:15.843432+00,
ddad40b0-0021-49e3-b6bc-96f2e9247dd1,399a5345-2b19-4919-a9ff-4c1981276bb4,job_created,ordered,a1446249-284a-49cc-b254-9dc5bbe75a1a,2025-10-07 18:40:50.279517+00,
de60743e-f08a-4914-bd57-312d33ac6ee8,f312d05b-6019-418a-a576-7f6977c457b3,ordered,completed,a1446249-284a-49cc-b254-9dc5bbe75a1a,2025-09-25 22:36:14.874564+00,
deb0e5df-67f4-48a7-9f7b-8e9fe28dd39e,d7ad9ddc-bf45-47f2-80e8-03bffec50230,ready_for_pickup,completed,a1446249-284a-49cc-b254-9dc5bbe75a1a,2025-10-09 22:57:47.407413+00,
deb3c045-561a-4d87-9824-30646823984c,fefc6126-7409-4cd6-8856-91df0cd791a8,ordered,ready_for_pickup,a1446249-284a-49cc-b254-9dc5bbe75a1a,2025-10-07 21:33:10.674897+00,
e06a836b-7216-436e-9753-d0c53b5f52b8,ff394d74-4d70-42b3-aa7f-2d905461c498,,ordered,0a30693a-baed-4c99-bb81-4d11d2c43dd9,2025-09-25 17:44:28.98684+00,
e08d255f-9475-4627-babe-f68fa5d787fc,cc3e0356-6bdc-4bc4-93ec-dc8c8b0bd475,ordered,ready_for_pickup,a1446249-284a-49cc-b254-9dc5bbe75a1a,2025-10-10 23:12:15.767696+00,
e0a133cb-25b3-4901-9d5d-f3124cb8b159,a86224f7-cf7e-4768-aebd-40d61ce209aa,ready_for_pickup,completed,a1446249-284a-49cc-b254-9dc5bbe75a1a,2025-10-18 21:35:12.351215+00,
e0bbdbea-7595-4dc5-9b41-dc3d60cbd436,04947dc5-c4bd-417e-bc33-012fe6ffcbd7,ready_for_pickup,completed,a1446249-284a-49cc-b254-9dc5bbe75a1a,2025-10-16 20:25:20.606354+00,
e106e47e-693a-4d58-9d62-30620597d0cc,e27f5173-923f-42f0-b0de-211d65a783a6,job_created,ordered,a1446249-284a-49cc-b254-9dc5bbe75a1a,2025-10-02 18:54:18.110723+00,
e1989d4a-4654-483c-827e-961b22577158,5af1b324-4035-4b68-8e3a-225069aef3ba,ordered,ready_for_pickup,a1446249-284a-49cc-b254-9dc5bbe75a1a,2025-10-02 17:05:52.626081+00,
e1a01172-7b2a-4e4f-9559-c5fdf4d4dac1,e27f5173-923f-42f0-b0de-211d65a783a6,ordered,completed,0a30693a-baed-4c99-bb81-4d11d2c43dd9,2025-10-11 21:19:50.025997+00,
e1a4604e-0405-4240-b961-30e05faf356d,c5ec76eb-2d9d-4110-9cd4-18d85fee2c4c,,ordered,a1446249-284a-49cc-b254-9dc5bbe75a1a,2025-09-30 17:06:04.049762+00,
e1d3c3cd-b3f0-46c4-b691-7cc323aeafb6,17f82eac-7302-46de-af26-b5292b87f55e,ordered,ready_for_pickup,0a30693a-baed-4c99-bb81-4d11d2c43dd9,2025-10-15 17:12:56.985185+00,
e30940a3-81cb-4e31-9f21-c21b501cfaae,78059602-0c3d-4aa7-8a61-7bfb626ee581,,ready_for_pickup,a1446249-284a-49cc-b254-9dc5bbe75a1a,2025-09-25 17:49:50.487961+00,
e381d754-4825-4387-8b57-b4240293734b,58a2cbca-5734-43e5-bd09-fa82dedd9ff8,job_created,ordered,0a30693a-baed-4c99-bb81-4d11d2c43dd9,2025-10-15 17:04:28.646865+00,
e4231604-7a58-40a1-a1cc-6b6faad1541a,d7ad9ddc-bf45-47f2-80e8-03bffec50230,ordered,ready_for_pickup,0a30693a-baed-4c99-bb81-4d11d2c43dd9,2025-10-09 22:45:33.038503+00,
e45fed2d-6130-435e-b64e-eac007a2f5ba,6e4451d9-a81c-4f61-893d-4f61388d43ad,,ordered,a1446249-284a-49cc-b254-9dc5bbe75a1a,2025-10-03 00:15:22.262175+00,
e545980f-ed20-4d1b-a290-1472f8b6e956,b4baca15-555a-4015-aaa9-9a67505835a6,,status_1758832364028,a1446249-284a-49cc-b254-9dc5bbe75a1a,2025-10-10 21:40:16.461998+00,
e6ffd011-3c5b-4b25-9d11-c8f7d8badc1e,cf1f7790-b8c2-4a60-bc4c-d4ffaebb1d15,ready_for_pickup,completed,a1446249-284a-49cc-b254-9dc5bbe75a1a,2025-10-11 00:41:08.107235+00,
e8632b8b-bf38-48d2-aa7a-ca44649d6f7a,04947dc5-c4bd-417e-bc33-012fe6ffcbd7,ordered,ready_for_pickup,a1446249-284a-49cc-b254-9dc5bbe75a1a,2025-10-16 19:27:29.784199+00,
e91b3543-ac4e-414e-a3ec-be9520f69408,e0173c63-7326-4c31-bdf2-7b8df08a634c,ordered,ready_for_pickup,a1446249-284a-49cc-b254-9dc5bbe75a1a,2025-10-07 21:34:18.554642+00,
e99f9b01-cbd9-416e-98ce-2712f3f6a929,d7ad9ddc-bf45-47f2-80e8-03bffec50230,job_created,ordered,a1446249-284a-49cc-b254-9dc5bbe75a1a,2025-10-04 00:22:17.547545+00,
ea1c0373-79f7-457b-bff4-ca9b9334db52,fbc39a50-e2a7-47f5-a8bf-74af7f80f77b,ordered,ready_for_pickup,a1446249-284a-49cc-b254-9dc5bbe75a1a,2025-09-26 22:45:19.186562+00,
ead765c5-25f5-409f-90c7-9cd8c55fab58,7d152a83-0a69-4eca-88ca-f3b0ebe87817,ready_for_pickup,completed,a1446249-284a-49cc-b254-9dc5bbe75a1a,2025-10-15 20:36:15.843432+00,
eb5b1ba3-f6cb-414f-9b39-4f7ebc346452,f0c7b500-dc60-4481-8180-8bed39cf3cb3,ordered,ready_for_pickup,a1446249-284a-49cc-b254-9dc5bbe75a1a,2025-10-18 18:23:45.215479+00,
eb7b2a08-1075-4ce6-992c-2312bf2df0ab,d36ea168-5982-45cf-b3ae-72aad2120756,ordered,ready_for_pickup,0a30693a-baed-4c99-bb81-4d11d2c43dd9,2025-10-09 19:24:11.099039+00,
eb89390f-17bc-492c-8bea-215fc83d9828,390eff25-69ce-4dd6-aa2f-5596c0a97bbb,job_created,ordered,a1446249-284a-49cc-b254-9dc5bbe75a1a,2025-09-25 20:57:02.874509+00,
ebf8b279-6b58-4ae0-a04f-8fe429568681,211450fe-8cdd-4ffb-a732-629b431eec56,,job_created,1bd2e7fc-cd53-412d-aa16-9f79d17dc0a8,2025-09-30 03:47:58.469891+00,
ec066dd2-b2f5-454a-a9e0-36d89b51ddd4,425aa7b4-6495-4745-9192-e6ba0cf7f71d,quality_check,status_1759026641002,1bd2e7fc-cd53-412d-aa16-9f79d17dc0a8,2025-09-28 02:31:15.017529+00,
ec1de9da-8574-4981-b83a-d2907c5c5941,cf1f7790-b8c2-4a60-bc4c-d4ffaebb1d15,ready_for_pickup,completed,a1446249-284a-49cc-b254-9dc5bbe75a1a,2025-10-11 00:41:08.107235+00,
ed66abe2-eb6f-437a-8ec2-db26e08d1ac1,ddd3dd98-45dd-4c51-9d36-25e5546ee7f1,,ordered,a1446249-284a-49cc-b254-9dc5bbe75a1a,2025-10-02 17:10:06.622176+00,
eda1cb43-1122-4e68-a587-370d01cde7b4,f8626697-78f8-4245-a9c5-04937daa3306,,ordered,0a30693a-baed-4c99-bb81-4d11d2c43dd9,2025-10-14 20:01:18.468447+00,
eeafad63-f876-4880-b342-22afbf4ee499,a70e63cb-f2e5-40d3-97f6-3ed16b3545b3,ordered,ready_for_pickup,0a30693a-baed-4c99-bb81-4d11d2c43dd9,2025-10-16 22:53:34.777627+00,
eec4bf7c-5ecb-45c0-9451-45e5025723f3,d7ad9ddc-bf45-47f2-80e8-03bffec50230,ordered,ready_for_pickup,0a30693a-baed-4c99-bb81-4d11d2c43dd9,2025-10-09 22:45:33.038503+00,
eed8cb56-8e87-4479-9265-0326fb89958c,e158d4d3-f976-4b3a-b1bd-c5231f555fea,ordered,ready_for_pickup,0a30693a-baed-4c99-bb81-4d11d2c43dd9,2025-10-16 22:53:44.442253+00,
eeed01ff-2ef3-4598-a3bd-e7a3c9647364,7d152a83-0a69-4eca-88ca-f3b0ebe87817,ordered,ready_for_pickup,a1446249-284a-49cc-b254-9dc5bbe75a1a,2025-10-15 19:25:28.146947+00,
eef3c5e8-d718-4e3a-ad12-be0e3dd2b36b,194e51d7-1bbe-4cbe-a6bc-acd422af873b,,job_created,a1446249-284a-49cc-b254-9dc5bbe75a1a,2025-09-25 17:39:43.886947+00,
ef0890ed-9c43-493e-a5aa-ac2fa95ef2be,a66abd83-9d35-4f67-9f2d-71bad97f0ad7,ordered,ready_for_pickup,a1446249-284a-49cc-b254-9dc5bbe75a1a,2025-10-09 23:21:00.396885+00,
efd7e231-1127-4414-b4e7-66c077ed4cb8,25d9153b-6662-4133-b4fa-86ffa06d53ad,ready_for_pickup,completed,a1446249-284a-49cc-b254-9dc5bbe75a1a,2025-10-17 22:42:39.465605+00,
f009ede9-f207-4898-b71c-cf61810d200c,6e4451d9-a81c-4f61-893d-4f61388d43ad,ordered,completed,0a30693a-baed-4c99-bb81-4d11d2c43dd9,2025-10-09 19:34:43.118392+00,
f0422bb5-a8ae-405e-bd42-1a6c42ae7fbe,3c806b9a-99d0-43d2-ac18-61a513495c72,job_created,ordered,a1446249-284a-49cc-b254-9dc5bbe75a1a,2025-10-02 18:51:30.320353+00,
f0cf12f9-24a6-448c-a2b9-038748fba0be,ffb14d4a-1689-479d-b757-2af80e168728,ordered,ready_for_pickup,a1446249-284a-49cc-b254-9dc5bbe75a1a,2025-09-26 21:29:07.926996+00,
f16d491b-7cd2-4690-8570-6682521db88d,0cdfcf4e-1f76-4701-a831-973a21c2ed30,ready_for_pickup,completed,0a30693a-baed-4c99-bb81-4d11d2c43dd9,2025-10-17 00:44:11.711227+00,
f1ee85f9-cbd8-4399-9af1-997d77816cfd,ffb14d4a-1689-479d-b757-2af80e168728,completed,ordered,a1446249-284a-49cc-b254-9dc5bbe75a1a,2025-09-26 21:29:25.772579+00,
f1f2d833-1999-48d7-84ad-dfa6b67fce4b,d8cf317c-900b-4e4b-9c9a-945acc002474,,ordered,a1446249-284a-49cc-b254-9dc5bbe75a1a,2025-10-07 18:40:31.482191+00,
f2896552-ce18-441f-9a50-71e84eea67f0,f28daa72-1c81-459d-b1f0-4775ecfb71e3,ordered,completed,0a30693a-baed-4c99-bb81-4d11d2c43dd9,2025-10-09 19:36:49.467127+00,
f348b49c-9507-4c84-b2bb-da5c748e3daf,a426c75c-0a32-4180-be29-debcbbbe3300,,ready_for_pickup,a1446249-284a-49cc-b254-9dc5bbe75a1a,2025-09-25 17:57:43.588433+00,
f3e99a88-bc38-4f3f-b918-a769398e3f81,cf1f7790-b8c2-4a60-bc4c-d4ffaebb1d15,ready_for_pickup,completed,a1446249-284a-49cc-b254-9dc5bbe75a1a,2025-10-11 00:41:08.107235+00,
f4d6d9f8-8674-4ee8-9e2f-2610dd119697,cb810fc9-1377-42bd-9d1e-e1a0e5e055d8,,ready_for_pickup,0a30693a-baed-4c99-bb81-4d11d2c43dd9,2025-09-30 01:28:42.9099+00,
f546bd5e-2dd4-4917-a4d4-2a1a6fb6a956,ddd3dd98-45dd-4c51-9d36-25e5546ee7f1,ordered,ready_for_pickup,a1446249-284a-49cc-b254-9dc5bbe75a1a,2025-10-07 21:10:49.026555+00,
f627b8c9-2cee-4fc9-b76e-569e72ac98f1,cc3e0356-6bdc-4bc4-93ec-dc8c8b0bd475,ordered,ready_for_pickup,a1446249-284a-49cc-b254-9dc5bbe75a1a,2025-10-01 21:17:52.116221+00,
f636150a-0b98-4f5c-bd06-408f692ae261,e158d4d3-f976-4b3a-b1bd-c5231f555fea,ordered,ready_for_pickup,0a30693a-baed-4c99-bb81-4d11d2c43dd9,2025-10-16 22:53:44.442253+00,
f64d5c33-22d5-4d10-97a9-d3669323b280,f0c7b500-dc60-4481-8180-8bed39cf3cb3,ordered,ready_for_pickup,a1446249-284a-49cc-b254-9dc5bbe75a1a,2025-10-18 18:23:45.215479+00,
f6c32263-7c42-4cfa-bbf2-8c255cc35c74,5d15249f-40fd-4230-babc-afca7480f376,,ordered,a1446249-284a-49cc-b254-9dc5bbe75a1a,2025-10-07 18:40:09.198815+00,
f7136ac4-9423-4b5d-aa87-1f6a1088c420,e0173c63-7326-4c31-bdf2-7b8df08a634c,ready_for_pickup,completed,0a30693a-baed-4c99-bb81-4d11d2c43dd9,2025-10-09 19:31:01.883359+00,
f771c410-e4ed-4f0b-94b3-6f16b5f8abdc,7574d486-c22c-4a97-a27e-7fc4c9857ca4,status_1758929953866,status_1757452359948,1bd2e7fc-cd53-412d-aa16-9f79d17dc0a8,2025-09-27 00:18:33.362293+00,
f7faf2b0-9722-4184-9cc4-758ab3fd7851,cc3e0356-6bdc-4bc4-93ec-dc8c8b0bd475,ready_for_pickup,completed,0a30693a-baed-4c99-bb81-4d11d2c43dd9,2025-10-16 22:53:10.788744+00,
f8bb0cf6-b0c9-4726-9bd2-206b8bebe811,399a5345-2b19-4919-a9ff-4c1981276bb4,ordered,completed,0a30693a-baed-4c99-bb81-4d11d2c43dd9,2025-10-11 21:27:49.659892+00,
f8df0ec6-0460-4352-be54-bee67bb50422,7574d486-c22c-4a97-a27e-7fc4c9857ca4,,ready_for_pickup,1bd2e7fc-cd53-412d-aa16-9f79d17dc0a8,2025-09-11 22:27:17.154583+00,
f9076b18-9635-4561-8be2-150815987a26,3c806b9a-99d0-43d2-ac18-61a513495c72,ready_for_pickup,completed,a1446249-284a-49cc-b254-9dc5bbe75a1a,2025-10-15 19:12:32.36886+00,
f91a9e5b-29de-465b-ad6a-f4a44ca15f94,3f0c8794-04d5-4420-8762-cbf6321ab309,,ordered,a1446249-284a-49cc-b254-9dc5bbe75a1a,2025-10-09 22:00:04.008075+00,
f9662c9b-627b-44d4-8720-6717d180a537,c5ec76eb-2d9d-4110-9cd4-18d85fee2c4c,ordered,ready_for_pickup,0a30693a-baed-4c99-bb81-4d11d2c43dd9,2025-10-02 21:15:08.44084+00,
fa5703e6-422a-480d-9768-4d85034743da,ef397704-0d28-4c14-b9ba-2ae7fab1459c,ready_for_pickup,completed,a1446249-284a-49cc-b254-9dc5bbe75a1a,2025-10-11 00:40:56.978687+00,
fa91de13-117a-4dc4-b75c-621107c15bc0,7d152a83-0a69-4eca-88ca-f3b0ebe87817,ready_for_pickup,completed,a1446249-284a-49cc-b254-9dc5bbe75a1a,2025-10-15 20:36:15.843432+00,
faea3791-40ab-4935-bff9-520065ca96cd,0adfd5b4-39d0-4545-b3c6-617aace62164,ready_for_pickup,completed,0a30693a-baed-4c99-bb81-4d11d2c43dd9,2025-10-09 19:26:00.458463+00,
fb2bd550-3734-4d0c-89b1-af6ba20153db,ddd3dd98-45dd-4c51-9d36-25e5546ee7f1,ready_for_pickup,completed,a1446249-284a-49cc-b254-9dc5bbe75a1a,2025-10-10 18:04:29.549533+00,
fc10eae2-9079-4dbb-95a0-6875ce42b544,97052081-df0e-43b0-94dd-8d3479ebad12,job_created,ordered,a1446249-284a-49cc-b254-9dc5bbe75a1a,2025-10-15 00:40:41.431529+00,
fc8db8b0-cc82-4693-9c39-f34242f88b55,646aecb8-b925-4a8c-aca9-35d662b90747,ready_for_pickup,completed,0a30693a-baed-4c99-bb81-4d11d2c43dd9,2025-10-11 21:25:50.105709+00,
fc8f5ed1-5be1-4a1e-b461-7b7f7605961d,d36ea168-5982-45cf-b3ae-72aad2120756,ordered,ready_for_pickup,0a30693a-baed-4c99-bb81-4d11d2c43dd9,2025-10-09 19:24:11.099039+00,
fd3890e7-e0c6-4d47-8161-de3264da8271,a66abd83-9d35-4f67-9f2d-71bad97f0ad7,ready_for_pickup,completed,a1446249-284a-49cc-b254-9dc5bbe75a1a,2025-10-14 19:50:45.235076+00,
fd912810-7b5f-4998-bec1-3450dbd05126,194e51d7-1bbe-4cbe-a6bc-acd422af873b,job_created,ready_for_pickup,a1446249-284a-49cc-b254-9dc5bbe75a1a,2025-09-26 22:45:46.055664+00,
fe5a6961-e8b5-41fc-a122-5b45438eb774,571c4df4-a393-4ddf-956d-87a46009724a,,ordered,1bd2e7fc-cd53-412d-aa16-9f79d17dc0a8,2025-09-11 22:25:26.293297+00,
ff34eddc-127f-4d15-89ff-64b74660284a,0adfd5b4-39d0-4545-b3c6-617aace62164,ready_for_pickup,completed,0a30693a-baed-4c99-bb81-4d11d2c43dd9,2025-10-09 19:26:00.458463+00,
ff728e95-de81-4ef5-b09f-b568966c33a0,390eff25-69ce-4dd6-aa2f-5596c0a97bbb,ready_for_pickup,completed,0a30693a-baed-4c99-bb81-4d11d2c43dd9,2025-10-11 21:23:13.601027+00,
ff866855-be08-43b0-b443-f544fdb4e530,a8130669-1c36-4958-a9ab-6a6f2db3bf20,,ready_for_pickup,a1446249-284a-49cc-b254-9dc5bbe75a1a,2025-10-16 23:19:13.157606+00,
ffb5df1c-e612-4d60-9019-2128cbeed969,3ed93dc9-7a11-4848-ace8-12faf0ca666e,ordered,completed,a1446249-284a-49cc-b254-9dc5bbe75a1a,2025-10-09 23:20:53.768424+00,